,Health services,Social services,Advocacy and Justice,Food and Agriculture,Education,Environment and Climate change,Recreation and Leisure,Technology and Innovation,Outreach and Advertising,Child services,Organization/ City Agency/ Division Name,Organization Type,Borough,Interest Categories,Most volunteers in age group
0,0,0,0,0,1,0,1,0,1,1,"20/20 Vision for Schools, Inc. d/b/a Thrive Collective",Community-based organization,BROOKLYN,Education;Recreation and Leisure;Outreach and Advertising;Child services,1
1,0,0,0,0,1,0,0,0,1,1,826NYC,Community-based organization,BROOKLYN,Education;Outreach and Advertising;Child services,1
2,0,1,0,0,1,0,1,0,1,0,9/11 Memorial & Museum,Museum,MANHATTAN,Social services;Education;Recreation and Leisure;Outreach and Advertising,0
3,0,0,0,0,1,0,1,0,1,1,A Free Bird,"Community-based organization, Volunteer-led group",BROOKLYN,Education;Recreation and Leisure;Outreach and Advertising;Child services,1
4,1,1,1,0,0,0,0,0,1,1,Abbott House,Foster care Agency,BRONX,Health services;Social services;Advocacy and Justice;Outreach and Advertising;Child services,1
5,1,1,1,0,1,0,1,0,1,0,ABSW Senior Center,Community-based organization,MANHATTAN,Health services;Social services;Advocacy and Justice;Education;Recreation and Leisure;Outreach and Advertising,2
6,1,1,1,0,1,0,0,0,1,1,Academy of Medical & Public Health Services,Community-based organization,BROOKLYN,Health services;Social services;Advocacy and Justice;Education;Outreach and Advertising;Child services,1
7,0,1,1,0,1,0,1,0,1,1,ACDP Beacon @ Ms 117,Community-based organization,BRONX,Social services;Advocacy and Justice;Education;Recreation and Leisure;Outreach and Advertising;Child services,0
8,1,1,1,0,1,0,1,0,1,1,Administration for Children's Services,City agency,MANHATTAN,Health services;Social services;Advocacy and Justice;Education;Recreation and Leisure;Outreach and Advertising;Child services,1
9,0,1,1,0,0,1,1,0,1,1,Agency of International Cooperation for Development,Non Profit Organization,MANHATTAN,Social services;Advocacy and Justice;Environment and Climate change;Recreation and Leisure;Outreach and Advertising;Child services,1
10,1,1,1,0,1,0,1,0,1,1,AHRCNYC,Not for Profit Family Governed Organization,MANHATTAN,Health services;Social services;Advocacy and Justice;Education;Recreation and Leisure;Outreach and Advertising;Child services,1
11,1,1,1,0,1,0,1,0,1,0,Alpha Phi Alpha Senior Citizens Center,Community-based organization,QUEENS,Health services;Social services;Advocacy and Justice;Education;Recreation and Leisure;Outreach and Advertising,1
12,0,0,0,0,1,0,0,0,1,1,"Amaya's Bookreads, Inc.",Community-based organization,MANHATTAN,Education;Outreach and Advertising;Child services,1
13,0,0,1,0,1,0,1,0,1,1,American Alliance for Theatre & Education,Volunteer-led group,,Advocacy and Justice;Education;Recreation and Leisure;Outreach and Advertising;Child services,1
14,0,1,0,0,0,0,0,0,1,1,American Red Cross of Greater New York,Community-based organization,MANHATTAN,Social services;Outreach and Advertising;Child services,0
15,1,1,1,0,1,0,1,0,1,0,AmPark NORC Supportive Senior Services Program,Community-based organization,BRONX,Health services;Social services;Advocacy and Justice;Education;Recreation and Leisure;Outreach and Advertising,1
16,1,1,1,0,0,1,0,0,1,1,Annette Julien Trust,"Community-based organization, Faith-based institution, Hospital, Volunteer-led group",BROOKLYN,Health services;Social services;Advocacy and Justice;Environment and Climate change;Outreach and Advertising;Child services,0
17,1,1,1,0,1,0,1,0,1,1,Arab American Association of NY,Community-based organization,BROOKLYN,Health services;Social services;Advocacy and Justice;Education;Recreation and Leisure;Outreach and Advertising;Child services,1
18,1,1,0,0,0,0,0,0,0,0,ARC XVI FORT WASHINGTON,Senior center- non profit,MANHATTAN,Health services;Social services,1
19,0,0,1,0,1,0,1,0,1,1,Art and Resistance Through Education (ARTE),Community-based organization,,Advocacy and Justice;Education;Recreation and Leisure;Outreach and Advertising;Child services,1
20,0,1,1,0,1,0,1,0,1,1,Artists Striving To End Poverty,Community-based organization,MANHATTAN,Social services;Advocacy and Justice;Education;Recreation and Leisure;Outreach and Advertising;Child services,1
21,0,0,0,0,1,0,1,0,1,0,ArtistYear,Community-based organization,,Education;Recreation and Leisure;Outreach and Advertising,2
22,0,1,1,0,0,0,1,0,1,1,Asian Americans for Equality,Community-based organization,QUEENS,Social services;Advocacy and Justice;Recreation and Leisure;Outreach and Advertising;Child services,0
23,1,1,0,0,0,0,0,0,0,0,Asian Community Care Management,Community-based organization,MANHATTAN,Health services;Social services,1
24,0,0,1,0,1,0,1,0,1,1,Association to Benefit Children,Community-based organization,MANHATTAN,Advocacy and Justice;Education;Recreation and Leisure;Outreach and Advertising;Child services,1
25,0,0,0,0,1,1,0,0,1,1,Audubon New York,conservation non-profit,MANHATTAN,Education;Environment and Climate change;Outreach and Advertising;Child services,2
26,0,0,0,0,1,0,0,0,1,1,Avenues: The World School,K-12 Private School,MANHATTAN,Education;Outreach and Advertising;Child services,1
27,0,1,0,0,0,0,0,0,1,0,Back on My Feet,Community-based organization,MANHATTAN,Social services;Outreach and Advertising,1
28,1,1,0,0,0,0,0,0,0,0,"Bay Ridge Center, Inc.",Community-based organization,BROOKLYN,Health services;Social services,1
29,1,1,0,0,0,0,0,0,0,0,BCA 6th Ave Neighborhood Senior Center,Community-based organization,BROOKLYN,Health services;Social services,2
30,0,0,0,0,1,0,0,0,1,1,Behind the Book,Community-based organization,MANHATTAN,Education;Outreach and Advertising;Child services,1
31,0,0,0,0,0,0,0,0,1,1,Bellevue Day Care Center,Community-based organization,MANHATTAN,Outreach and Advertising;Child services,1
32,1,1,0,0,0,0,0,0,0,0,Bergen Beach Youth Organization,Community-based organization,BROOKLYN,Health services;Social services,2
33,1,1,1,0,0,1,0,0,1,1,Berkeley College,College and/or university,MANHATTAN,Health services;Social services;Advocacy and Justice;Environment and Climate change;Outreach and Advertising;Child services,1
34,0,1,0,0,0,0,0,0,1,0,"Beth - Hark Christian Counseling Center, Inc.","Community-based organization, Faith-based institution",MANHATTAN,Social services;Outreach and Advertising,1
35,0,0,0,0,0,0,0,0,1,0,Big Apple Greeter,private non-profit organization,MANHATTAN,Outreach and Advertising,2
36,0,0,1,0,1,0,0,0,1,1,Big Brothers Big Sisters of NYC,Community-based organization,MANHATTAN,Advocacy and Justice;Education;Outreach and Advertising;Child services,1
37,0,1,0,0,0,0,0,0,1,1,Bigs & Littles NYC Mentoring,Community-based organization,MANHATTAN,Social services;Outreach and Advertising;Child services,1
38,1,1,1,0,1,0,1,0,1,1,Birch Family Services,Community-based organization,MANHATTAN,Health services;Social services;Advocacy and Justice;Education;Recreation and Leisure;Outreach and Advertising;Child services,1
39,1,1,0,0,0,0,0,0,0,0,Bloomingdale Aging in Place,Volunteer-led group,,Health services;Social services,2
40,0,0,0,0,1,0,0,0,1,0,"Blue Engine, Inc.",Community-based organization,MANHATTAN,Education;Outreach and Advertising,1
41,0,0,0,0,0,0,0,0,1,1,Bonnie Youth Club (aka Bonnie Boys Club),Community-based organization,BROOKLYN,Outreach and Advertising;Child services,1
42,0,0,0,0,1,0,0,0,1,1,Boys & Girls Club of Harlem,Community-based organization,MANHATTAN,Education;Outreach and Advertising;Child services,1
43,0,0,0,0,1,0,0,0,1,1,Breakthrough New York,Community-based organization,MANHATTAN,Education;Outreach and Advertising;Child services,1
44,1,1,0,0,0,0,0,0,1,1,Bridge Street Development Corp,Community-based organization,BROOKLYN,Health services;Social services;Outreach and Advertising;Child services,1
45,1,1,1,0,1,0,0,0,1,0,"Bridgefield Civic League, Inc.",Community-based organization,BRONX,Health services;Social services;Advocacy and Justice;Education;Outreach and Advertising,1
46,1,1,0,0,0,0,0,0,0,0,Bronx House Weinberg Neighborhood Center,Community-based organization,,Health services;Social services,2
47,0,0,0,0,0,1,0,0,0,0,Bronx River Alliance,"Community-based organization, Public/ Private Partnership",BRONX,Environment and Climate change,1
48,1,1,1,0,0,0,1,0,0,0,Bronx Rockets,Community-based organization,BRONX,Health services;Social services;Advocacy and Justice;Recreation and Leisure,1
49,1,1,1,0,1,1,1,0,1,1,Bronx Sole,Community-based organization,BRONX,Health services;Social services;Advocacy and Justice;Education;Environment and Climate change;Recreation and Leisure;Outreach and Advertising;Child services,1
50,1,0,0,0,0,0,0,0,0,0,Brookdale University Hospital Medical Center,Hospital,,Health services,1
51,1,1,1,0,0,0,0,0,0,0,Brooklyn Bar Association Volunteer Lawyers Project,legal services organization,BROOKLYN,Health services;Social services;Advocacy and Justice,1
52,0,0,0,0,1,1,1,0,1,1,Brooklyn Botanic Garden,Cultural Institution,BROOKLYN,Education;Environment and Climate change;Recreation and Leisure;Outreach and Advertising;Child services,1
53,1,1,0,0,1,1,1,0,1,0,Brooklyn Bridge Park Conservancy,Non Profit,BROOKLYN,Health services;Social services;Education;Environment and Climate change;Recreation and Leisure;Outreach and Advertising,1
54,0,1,1,0,1,0,1,0,1,1,Brooklyn College,College and/or university,BROOKLYN,Social services;Advocacy and Justice;Education;Recreation and Leisure;Outreach and Advertising;Child services,1
55,1,1,1,0,1,0,0,0,1,1,Brooklyn Community Services,Community-based organization,BROOKLYN,Health services;Social services;Advocacy and Justice;Education;Outreach and Advertising;Child services,1
56,1,1,1,0,1,0,1,0,1,1,Brooklyn Public Library,Nonprofit Organization,BROOKLYN,Health services;Social services;Advocacy and Justice;Education;Recreation and Leisure;Outreach and Advertising;Child services,1
57,1,1,0,0,1,0,1,0,1,0,Brooks Senior Center,Community-based organization,QUEENS,Health services;Social services;Education;Recreation and Leisure;Outreach and Advertising,2
58,1,1,1,0,1,1,1,0,1,1,Buddhist Tzu Chi Foundation,Faith-based institution,QUEENS,Health services;Social services;Advocacy and Justice;Education;Environment and Climate change;Recreation and Leisure;Outreach and Advertising;Child services,2
59,0,0,0,0,0,0,0,0,0,0,buildOn,Non-profit,MANHATTAN,,1
60,1,1,0,0,0,0,0,0,0,0,Bushwick Hylan,Community-based organization,BROOKLYN,Health services;Social services,2
61,0,0,0,0,1,0,0,0,1,1,Business United in Investing Lending and Development (Build),Community-based organization,MANHATTAN,Education;Outreach and Advertising;Child services,1
62,1,1,1,0,1,0,0,0,1,1,CAMBA,Community-based organization,BROOKLYN,Health services;Social services;Advocacy and Justice;Education;Outreach and Advertising;Child services,1
63,1,1,1,0,1,1,1,1,1,0,Canaan Senior Service Center,Senior Center,MANHATTAN,Health services;Social services;Advocacy and Justice;Education;Environment and Climate change;Recreation and Leisure;Technology and Innovation;Outreach and Advertising,2
64,1,1,1,0,1,0,1,0,1,0,Catholic Charities - Glenwood Senior Center,Senior Center,BROOKLYN,Health services;Social services;Advocacy and Justice;Education;Recreation and Leisure;Outreach and Advertising,2
65,1,1,1,0,1,0,1,0,1,1,Catholic Charities Brooklyn And Queens - Catholic Charities Neighborhood Services,"Community-based organization, Faith-based institution",BROOKLYN,Health services;Social services;Advocacy and Justice;Education;Recreation and Leisure;Outreach and Advertising;Child services,1
66,0,1,0,1,0,0,0,0,0,0,Catholic Charities Community Services,Faith-based institution,MANHATTAN,Social services;Food and Agriculture,1
67,1,1,1,0,1,0,1,0,1,1,CCNS Seaside Senior Center,Community-based organization,QUEENS,Health services;Social services;Advocacy and Justice;Education;Recreation and Leisure;Outreach and Advertising;Child services,0
68,1,1,0,0,0,0,0,0,0,0,CCNS St. Charles Jubilee Senior Center,Community-based organization,BROOKLYN,Health services;Social services,2
69,0,1,1,0,1,1,1,0,1,1,Center for Family Life - SCO Family of Services,Community-based organization,,Social services;Advocacy and Justice;Education;Environment and Climate change;Recreation and Leisure;Outreach and Advertising;Child services,0
70,1,1,1,0,0,0,1,0,0,0,"Center for Independence of the Disabled, NY",Community-based organization,MANHATTAN,Health services;Social services;Advocacy and Justice;Recreation and Leisure,1
71,1,1,0,0,0,0,0,0,0,0,"CenterLight Health System, Inc.",Community-based organization,BRONX,Health services;Social services,2
72,0,0,0,0,0,1,1,0,1,0,Central Park Conservancy,Not-for-Profit Organization,MANHATTAN,Environment and Climate change;Recreation and Leisure;Outreach and Advertising,0
73,1,1,0,0,0,0,0,0,1,1,Chai Lifeline,"Community-based organization, Volunteer-led group",MANHATTAN,Health services;Social services;Outreach and Advertising;Child services,1
74,0,0,0,0,1,0,1,0,1,1,Change For Kids,Non-profit,MANHATTAN,Education;Recreation and Leisure;Outreach and Advertising;Child services,1
75,1,1,1,0,1,0,1,0,1,1,CHAZAQ,Community-based organization,QUEENS,Health services;Social services;Advocacy and Justice;Education;Recreation and Leisure;Outreach and Advertising;Child services,1
76,0,0,1,0,1,1,1,0,1,0,Chelsea Film Festival,Film Festival,MANHATTAN,Advocacy and Justice;Education;Environment and Climate change;Recreation and Leisure;Outreach and Advertising,1
77,0,1,1,0,0,0,1,0,0,1,Chhaya Community Development Corporation,Community-based organization,QUEENS,Social services;Advocacy and Justice;Recreation and Leisure;Child services,1
78,1,0,0,0,0,0,0,0,1,1,"Children of Promise, NYC",Community-based organization,BROOKLYN,Health services;Outreach and Advertising;Child services,2
79,1,1,1,0,1,0,0,0,1,1,Children's Aid,Community-based organization,MANHATTAN,Health services;Social services;Advocacy and Justice;Education;Outreach and Advertising;Child services,1
80,0,0,0,0,1,0,1,0,1,0,"Choral Chameleon, Inc.",Arts Organization,BROOKLYN,Education;Recreation and Leisure;Outreach and Advertising,1
81,1,1,1,1,1,0,1,0,1,1,"Christ Disciples International Ministries, Inc.","Community-based organization, Faith-based institution",BRONX,Health services;Social services;Advocacy and Justice;Food and Agriculture;Education;Recreation and Leisure;Outreach and Advertising;Child services,1
82,1,1,0,0,0,0,0,0,0,0,Christopher Blenman Neighborhood Center,Community-based organization,BROOKLYN,Health services;Social services,2
83,1,1,1,0,1,0,1,0,1,0,"CHSCC - Central Harlem Senior Citizens' Centers, Inc.",Non -Profit,MANHATTAN,Health services;Social services;Advocacy and Justice;Education;Recreation and Leisure;Outreach and Advertising,1
84,0,0,1,0,0,0,0,0,0,1,CIANA,Community-based organization,QUEENS,Advocacy and Justice;Child services,0
85,0,1,1,0,1,0,1,0,1,1,"Cienfuegos Foundation, Inc.",Community-based organization,QUEENS,Social services;Advocacy and Justice;Education;Recreation and Leisure;Outreach and Advertising;Child services,1
86,0,0,0,0,0,0,0,0,1,1,Citizen Schools,Community-based organization,MANHATTAN,Outreach and Advertising;Child services,1
87,0,1,1,0,1,1,1,0,1,1,Citizens Committee for New York City,NGO,MANHATTAN,Social services;Advocacy and Justice;Education;Environment and Climate change;Recreation and Leisure;Outreach and Advertising;Child services,1
88,0,1,1,1,0,0,0,0,0,0,City Harvest,Community-based organization,MANHATTAN,Social services;Advocacy and Justice;Food and Agriculture,1
89,1,1,1,0,0,0,1,0,1,0,Citymeals on Wheels,Community-based organization,MANHATTAN,Health services;Social services;Advocacy and Justice;Recreation and Leisure;Outreach and Advertising,1
90,0,1,1,0,0,0,0,0,0,0,Civic Engagement Commission,City agency,MANHATTAN,Social services;Advocacy and Justice,1
91,1,1,0,0,0,0,0,0,0,0,Clinton Neighborhood Center (Project FIND),"Community-based organization, Senior Center",MANHATTAN,Health services;Social services,2
92,1,1,0,0,1,0,1,0,1,1,"Clothed With Love, Inc.",Community-based organization,BROOKLYN,Health services;Social services;Education;Recreation and Leisure;Outreach and Advertising;Child services,1
93,0,1,1,0,1,0,0,0,1,1,Club Migrante Chinelos de Morelos en Nueva York,"Community-based organization, Volunteer-led group",QUEENS,Social services;Advocacy and Justice;Education;Outreach and Advertising;Child services,0
94,1,1,0,0,0,0,0,0,0,0,Co - Op Village NORC of the Educational Alliance,Community-based organization,MANHATTAN,Health services;Social services,2
95,1,1,1,0,1,0,0,0,1,1,College Goal New York,Volunteer-led group,BRONX,Health services;Social services;Advocacy and Justice;Education;Outreach and Advertising;Child services,1
96,1,1,1,0,1,1,1,0,1,1,College of Mount Saint Vincent,College and/or university,BRONX,Health services;Social services;Advocacy and Justice;Education;Environment and Climate change;Recreation and Leisure;Outreach and Advertising;Child services,1
97,1,1,0,0,0,0,0,0,0,0,Community Agency for Senior Citizens,Community-based organization,STATEN IS,Health services;Social services,2
98,1,1,1,0,0,0,1,0,0,0,Community Health Action of Staten Island,Community-based organization,STATEN IS,Health services;Social services;Advocacy and Justice;Recreation and Leisure,1
99,1,1,1,0,0,0,1,0,0,0,Community Health Action of Staten Island,Community-based organization,STATEN IS,Health services;Social services;Advocacy and Justice;Recreation and Leisure,0
100,1,1,1,0,0,0,1,0,0,0,Community Health Action of Staten Island,Community-based organization,STATEN IS,Social services,1
101,1,1,1,0,0,0,1,0,0,0,Community Health Action of Staten Island,Community-based organization,STATEN IS,Social services,0
102,1,1,1,0,0,0,1,0,0,0,Community Health Action of Staten Island,Community-based organization,STATEN IS,Health services;Social services;Advocacy and Justice;Recreation and Leisure,1
103,1,1,1,0,0,0,1,0,0,0,Community Health Action of Staten Island,Community-based organization,STATEN IS,Health services;Social services;Advocacy and Justice;Recreation and Leisure,0
104,1,1,1,0,0,0,1,0,0,0,Community Health Action of Staten Island,Community-based organization,STATEN IS,Social services,1
105,1,1,1,0,0,0,1,0,0,0,Community Health Action of Staten Island,Community-based organization,STATEN IS,Social services,0
106,0,1,0,0,0,0,0,0,0,0,Community Health Action of Staten Island,Community-based organization,STATEN IS,Health services;Social services;Advocacy and Justice;Recreation and Leisure,1
107,0,1,0,0,0,0,0,0,0,0,Community Health Action of Staten Island,Community-based organization,STATEN IS,Health services;Social services;Advocacy and Justice;Recreation and Leisure,0
108,0,1,0,0,0,0,0,0,0,0,Community Health Action of Staten Island,Community-based organization,STATEN IS,Social services,1
109,0,1,0,0,0,0,0,0,0,0,Community Health Action of Staten Island,Community-based organization,STATEN IS,Social services,0
110,0,1,0,0,0,0,0,0,0,0,Community Health Action of Staten Island,Community-based organization,STATEN IS,Health services;Social services;Advocacy and Justice;Recreation and Leisure,1
111,0,1,0,0,0,0,0,0,0,0,Community Health Action of Staten Island,Community-based organization,STATEN IS,Health services;Social services;Advocacy and Justice;Recreation and Leisure,0
112,0,1,0,0,0,0,0,0,0,0,Community Health Action of Staten Island,Community-based organization,STATEN IS,Social services,1
113,0,1,0,0,0,0,0,0,0,0,Community Health Action of Staten Island,Community-based organization,STATEN IS,Social services,0
114,1,1,1,0,0,0,1,0,1,1,Community Health Center Association of NYS,Community-based organization,MANHATTAN,Health services;Social services;Advocacy and Justice;Recreation and Leisure;Outreach and Advertising;Child services,1
115,1,1,1,0,0,1,0,0,1,1,Compassion Queens Sp SDA,"Faith-based institution, Volunteer-led group",QUEENS,Health services;Social services;Advocacy and Justice;Environment and Climate change;Outreach and Advertising;Child services,0
116,0,0,1,0,1,0,1,0,1,1,Comprehensive Youth Development,Community-based organization,MANHATTAN,Advocacy and Justice;Education;Recreation and Leisure;Outreach and Advertising;Child services,1
117,1,1,1,0,1,1,1,0,1,1,"Concrete Safaris, Inc.",Community-based organization,MANHATTAN,Health services;Social services;Advocacy and Justice;Education;Environment and Climate change;Recreation and Leisure;Outreach and Advertising;Child services,1
118,1,1,0,0,0,0,0,0,0,0,Coney Island Seaside Innovative Senior Center,Senior Center,BROOKLYN,Health services;Social services,2
119,1,1,1,0,0,0,1,0,1,1,Council of Peoples Organization,Community-based organization,BROOKLYN,Health services;Social services;Advocacy and Justice;Recreation and Leisure;Outreach and Advertising;Child services,1
120,0,1,1,0,1,0,1,0,1,1,"Council on American - Islamic Relations, NY",Community-based organization,QUEENS,Social services;Advocacy and Justice;Education;Recreation and Leisure;Outreach and Advertising;Child services,1
121,1,1,0,0,0,0,0,0,0,0,CPC Nanshan Senior Center,Community-based organization,QUEENS,Health services;Social services,2
122,0,1,1,1,0,0,1,0,1,0,Crossover B.C. Community Health Center,Faith-based institution,QUEENS,Social services;Advocacy and Justice;Food and Agriculture;Recreation and Leisure;Outreach and Advertising,1
123,0,0,0,0,0,0,0,0,1,1,Cru,"Community-based organization, Faith-based institution",MANHATTAN,Outreach and Advertising;Child services,1
124,1,1,1,0,1,0,1,0,1,0,"Cypress Hills Fulton Street Senior Citizens Center, Inc.","Community-based organization, Senior Citizens Center",BROOKLYN,Health services;Social services;Advocacy and Justice;Education;Recreation and Leisure;Outreach and Advertising,2
125,0,0,0,0,1,0,1,0,1,1,"Dance to Unite, Inc.",Community-based organization,MANHATTAN,Education;Recreation and Leisure;Outreach and Advertising;Child services,1
126,1,1,1,0,1,0,1,0,1,1,Dance/ NYC,Not for Profit,MANHATTAN,Health services;Social services;Advocacy and Justice;Education;Recreation and Leisure;Outreach and Advertising;Child services,1
127,0,0,0,0,1,0,0,0,1,0,Department of Education - Division of Family and Community Engagement,City agency,MANHATTAN,Education;Outreach and Advertising,1
128,1,1,1,0,0,0,0,0,1,1,Department of Social Services,City agency,MANHATTAN,Health services;Social services;Advocacy and Justice;Outreach and Advertising;Child services,1
129,1,1,1,0,1,0,1,0,1,1,"Diana H. Jones Innovative Senior Center - Riseboro Community Partnership, Inc.",Community-based organization,BROOKLYN,Health services;Social services;Advocacy and Justice;Education;Recreation and Leisure;Outreach and Advertising;Child services,2
130,1,1,0,0,0,0,0,0,0,0,DOROT,Community-based organization,MANHATTAN,Health services;Social services,1
131,0,0,0,0,1,0,0,0,1,1,DREAM,Community-based organization,MANHATTAN,Education;Outreach and Advertising;Child services,1
132,1,1,1,0,1,1,1,0,1,1,Drew Gardens - Educational and Recreational,"Community-based organization, Volunteer-led group, Community Garden ,",BRONX,Health services;Social services;Advocacy and Justice;Education;Environment and Climate change;Recreation and Leisure;Outreach and Advertising;Child services,1
133,1,1,0,0,0,0,0,0,0,0,Dyckman Senior Center,Senior Center,MANHATTAN,Health services;Social services,2
134,0,1,1,0,1,1,1,0,1,1,"Earth Matter NY, Inc.",Community-based organization,MANHATTAN,Social services;Advocacy and Justice;Education;Environment and Climate change;Recreation and Leisure;Outreach and Advertising;Child services,0
135,1,1,0,0,0,0,0,0,1,1,"East Harlem Council for Human Services, Inc.","Community-based organization, Federally Qualified Health Center",MANHATTAN,Health services;Social services;Outreach and Advertising;Child services,2
136,0,0,0,0,1,0,0,0,1,0,East Harlem Tutorial Program,Community-based organization,MANHATTAN,Education;Outreach and Advertising,1
137,0,1,0,0,1,0,0,0,1,1,Ecumenical Community Development Organization,Community-based organization,MANHATTAN,Social services;Education;Outreach and Advertising;Child services,2
138,0,0,0,1,1,1,0,0,1,1,Edible Schoolyard NYC,Non profit,BROOKLYN,Food and Agriculture;Education;Environment and Climate change;Outreach and Advertising;Child services,1
139,1,1,1,0,1,0,1,0,1,1,Educational Alliance's Manny Cantor Center,Community-based organization,MANHATTAN,Health services;Social services;Advocacy and Justice;Education;Recreation and Leisure;Outreach and Advertising;Child services,1
140,0,0,1,0,1,1,0,0,1,1,El Puente,Community-based organization,BROOKLYN,Advocacy and Justice;Education;Environment and Climate change;Outreach and Advertising;Child services,0
141,1,1,1,0,1,0,0,0,1,1,Elite Community Foundation,Community-based organization,QUEENS,Health services;Social services;Advocacy and Justice;Education;Outreach and Advertising;Child services,1
142,1,1,0,0,0,0,0,0,0,0,Elmcor's Golden Phoenix Club Two,Community-based organization,QUEENS,Health services;Social services,2
143,0,1,1,0,0,0,1,0,1,0,Emergency Shelter Network - Subsidiary of New York Disaster Interfaith Services,Community-based organization,MANHATTAN,Social services;Advocacy and Justice;Recreation and Leisure;Outreach and Advertising,1
144,1,1,0,0,0,0,0,0,0,0,Encore Community Services,Community-based organization,MANHATTAN,Health services;Social services,1
145,0,0,1,0,0,0,0,0,0,1,"Espoir, Inc.",Community-based organization,MANHATTAN,Advocacy and Justice;Child services,1
146,0,1,1,1,1,1,0,0,1,1,Every Day is a Miracle,"Community-based organization, Faith-based institution",BRONX,Social services;Advocacy and Justice;Food and Agriculture;Education;Environment and Climate change;Outreach and Advertising;Child services,0
147,0,1,1,0,0,0,1,0,1,1,Faith in New York,Community-based organization,QUEENS,Social services;Advocacy and Justice;Recreation and Leisure;Outreach and Advertising;Child services,1
148,1,1,0,0,0,0,0,0,0,0,Family Care Certified Services A Division of Tri-Borough Health Systems,Private Agency,BROOKLYN,Health services;Social services,1
149,0,0,1,0,0,0,0,0,1,1,Family Services Network of New York,Community-based organization,BROOKLYN,Advocacy and Justice;Outreach and Advertising;Child services,1
150,1,1,1,0,0,1,1,0,0,0,Family2Family Community Project,"Community-based organization, Volunteer-led group",BRONX,Health services;Social services;Advocacy and Justice;Environment and Climate change;Recreation and Leisure,1
151,1,1,0,0,1,0,0,0,1,1,Far Rockaway/ Arverne Nonprofit Coalition (FRANC),Coalition of CBOs /FBO,QUEENS,Health services;Social services;Education;Outreach and Advertising;Child services,1
152,0,1,1,0,0,0,1,0,1,1,"Father's Alive In The Hood, Inc.","Community-based organization, Volunteer-led group",QUEENS,Social services;Advocacy and Justice;Recreation and Leisure;Outreach and Advertising;Child services,0
153,0,0,0,0,0,0,0,0,1,1,"Filter Addict, Inc.",Community-based organization,MANHATTAN,Outreach and Advertising;Child services,1
154,0,0,0,0,0,0,0,0,1,0,Fire Department City of New York,City agency,BROOKLYN,Outreach and Advertising,0
155,0,1,1,1,0,0,0,0,0,0,Food Bank For New York City,Community-based organization,MANHATTAN,Social services;Advocacy and Justice;Food and Agriculture,1
156,0,1,1,0,1,0,1,0,1,1,Footsteps,Community-based organization,MANHATTAN,Social services;Advocacy and Justice;Education;Recreation and Leisure;Outreach and Advertising;Child services,1
157,0,0,0,0,0,0,0,0,1,0,"For My People Empowerment, Inc.","Community-based organization, Volunteer-led group",,Outreach and Advertising,0
158,0,1,1,0,0,0,0,0,1,1,"Forestdale, Inc.",Community-based organization,QUEENS,Social services;Advocacy and Justice;Outreach and Advertising;Child services,1
159,1,1,0,0,0,0,0,0,0,0,Fort Greene Albany Neighborhood Center,Non-Profit Senior services,BROOKLYN,Health services;Social services,2
160,1,1,0,0,0,0,0,0,0,0,Fort Greene Council - Christopher Blenman Neighborhood Center,Senior Center,BROOKLYN,Health services;Social services,2
161,1,1,0,0,0,0,0,0,0,0,"Fort Greene Council, Inc. - Hugh Gilroy Neighborhood Senior Center",Community-based organization,BROOKLYN,Health services;Social services,2
162,0,0,0,0,1,1,1,0,1,0,"Fort Greene Park Conservancy, Inc.",Community-based organization,BROOKLYN,Education;Environment and Climate change;Recreation and Leisure;Outreach and Advertising,1
163,0,1,0,0,1,0,0,0,1,0,Fort Greene Strategic Neighborhood Action Partnership,Community-based organization,BROOKLYN,Social services;Education;Outreach and Advertising,1
164,1,1,1,0,1,0,1,0,1,0,Fort Independence Senior Center,Community-based organization,BRONX,Health services;Social services;Advocacy and Justice;Education;Recreation and Leisure;Outreach and Advertising,2
165,1,0,0,0,1,0,0,0,1,1,Foundation for a Drug Free World,Community-based organization,QUEENS,Health services;Education;Outreach and Advertising;Child services,1
166,1,1,1,0,0,1,1,0,1,0,Frederick Douglass Senior Center - Social Club,Community-based organization,MANHATTAN,Health services;Social services;Advocacy and Justice;Environment and Climate change;Recreation and Leisure;Outreach and Advertising,2
167,0,0,0,0,1,0,1,0,1,1,Free Arts NYC,Community-based organization,MANHATTAN,Education;Recreation and Leisure;Outreach and Advertising;Child services,1
168,0,0,0,0,0,1,0,0,0,0,Friends of Corlears Hook Park,Community-based organization,MANHATTAN,Environment and Climate change,0
169,0,0,1,0,1,0,1,0,1,1,Friends of Gerritsen Beach Library,Volunteer-led group,BROOKLYN,Advocacy and Justice;Education;Recreation and Leisure;Outreach and Advertising;Child services,2
170,0,0,1,0,0,1,1,0,0,0,Friends of MacDonald Park,Volunteer-led group,QUEENS,Advocacy and Justice;Environment and Climate change;Recreation and Leisure,0
171,1,1,1,0,1,1,1,0,1,1,Friends of Mosholu Parkland,"Community-based organization, Volunteer-led group",BRONX,Health services;Social services;Advocacy and Justice;Education;Environment and Climate change;Recreation and Leisure;Outreach and Advertising;Child services,1
172,1,1,1,0,1,1,1,0,1,1,Friends of Tremont Park,Volunteer-led group,BRONX,Health services;Social services;Advocacy and Justice;Education;Environment and Climate change;Recreation and Leisure;Outreach and Advertising;Child services,0
173,0,1,1,0,0,0,0,0,0,0,Friends Shelter,Faith-based institution,MANHATTAN,Social services;Advocacy and Justice,1
174,1,1,0,0,0,0,0,0,1,1,GallopNYC,Community-based organization,QUEENS,Health services;Social services;Outreach and Advertising;Child services,1
175,0,1,1,0,0,0,1,0,0,1,Garra (formerly Cidad√£o Global),Community-based organization,,Social services;Advocacy and Justice;Recreation and Leisure;Child services,1
176,1,1,1,0,0,0,1,0,1,0,Gay Men's Health Crisis (GMHC),Community-based organization,MANHATTAN,Health services;Social services;Advocacy and Justice;Recreation and Leisure;Outreach and Advertising,1
177,0,0,0,0,1,0,0,0,1,0,Generation Citizen,"Community-based organization, Education",MANHATTAN,Education;Outreach and Advertising,1
178,0,0,0,0,0,0,0,0,1,1,Girl Scouts of Greater NY,Community-based organization,MANHATTAN,Outreach and Advertising;Child services,1
179,0,0,0,0,0,0,0,0,1,1,Girls on the Run NYC,Community-based organization,BROOKLYN,Outreach and Advertising;Child services,1
180,0,1,1,0,1,0,1,0,1,1,Glow Community Center,"Community-based organization, Community Center",QUEENS,Social services;Advocacy and Justice;Education;Recreation and Leisure;Outreach and Advertising;Child services,0
181,1,1,1,0,0,0,0,0,0,0,"God Bless You All, Inc.",College and/or university,QUEENS,Health services;Social services;Advocacy and Justice,1
182,1,0,0,1,0,0,0,0,0,0,God's Love We Deliver,Community-based organization,MANHATTAN,Health services;Food and Agriculture,1
183,0,0,0,0,1,0,0,0,1,1,Goddard Riverside Community Center - Star Learning Center,Community-based organization,MANHATTAN,Education;Outreach and Advertising;Child services,1
184,0,0,0,0,1,1,1,0,1,1,GOH Productions,Community-based organization,MANHATTAN,Education;Environment and Climate change;Recreation and Leisure;Outreach and Advertising;Child services,1
185,0,1,1,0,0,0,0,0,1,1,Good Shepherd Services,Community-based organization,MANHATTAN,Social services;Advocacy and Justice;Outreach and Advertising;Child services,1
186,0,0,0,0,0,1,0,0,0,0,Gowanus Canal Conservancy,Community-based organization,BROOKLYN,Environment and Climate change,0
187,1,1,1,0,1,0,0,0,1,1,Grand Street Settlement,Community-based organization,MANHATTAN,Health services;Social services;Advocacy and Justice;Education;Outreach and Advertising;Child services,2
188,1,1,0,0,0,0,0,0,0,0,Great Kills Neighborhood Center,Senior Center,STATEN IS,Health services;Social services,2
189,0,0,1,0,0,0,1,0,0,0,Greater Flushing Chamber of Commmerce,Community-based organization,QUEENS,Advocacy and Justice;Recreation and Leisure,0
190,0,0,0,0,1,1,0,0,1,0,Greenbelt Conservancy,"City agency, Not-for-profit",STATEN IS,Education;Environment and Climate change;Outreach and Advertising,1
191,0,1,1,0,0,1,0,0,0,0,Greenpoint Reformed Church Hunger Program,Community-based organization,BROOKLYN,Social services;Advocacy and Justice;Environment and Climate change,1
192,0,0,0,0,0,0,0,0,1,1,"Greenpoint Spartans, Inc.",Volunteer-led group,BROOKLYN,Outreach and Advertising;Child services,1
193,1,1,0,0,0,0,0,0,0,0,Greenwich House Center on the Square,senior center,MANHATTAN,Health services;Social services,2
194,1,1,1,0,1,0,1,0,1,0,Greenwich House JCW Senior Center,Community-based organization,MANHATTAN,Health services;Social services;Advocacy and Justice;Education;Recreation and Leisure;Outreach and Advertising,2
195,0,0,0,0,0,1,0,0,0,0,GrowNYC,Community-based organization,,Environment and Climate change,1
196,0,0,0,0,1,0,0,0,1,0,Grupo Juego y Lectura de Sunset Park,Volunteer-led group,BROOKLYN,Education;Outreach and Advertising,0
197,0,1,1,0,0,0,1,0,0,0,Habitat for Humanity New York City,Community-based organization,MANHATTAN,Social services;Advocacy and Justice;Recreation and Leisure,1
198,1,1,1,0,1,0,1,0,1,1,Hamilton - Madison House,Community-based organization,MANHATTAN,Health services;Social services;Advocacy and Justice;Education;Recreation and Leisure;Outreach and Advertising;Child services,2
199,1,1,1,0,1,1,1,0,1,1,HANAC - Angelo Petromelis Senior Center,Community-based organization,QUEENS,Health services;Social services;Advocacy and Justice;Education;Environment and Climate change;Recreation and Leisure;Outreach and Advertising;Child services,1
200,1,1,0,0,0,0,0,0,0,0,HANAC - Ravenswood Senior Center,Community-based organization,,Health services;Social services,2
201,1,1,1,0,1,0,1,0,1,1,"HANAC, Inc.",Community-based organization,QUEENS,Health services;Social services;Advocacy and Justice;Education;Recreation and Leisure;Outreach and Advertising;Child services,1
202,0,0,0,0,1,1,0,0,1,1,HarborLAB,Volunteer-led group,QUEENS,Education;Environment and Climate change;Outreach and Advertising;Child services,1
203,1,1,0,0,0,0,0,0,1,1,Harlem Dowling - West Side Center,Community-based organization,MANHATTAN,Health services;Social services;Outreach and Advertising;Child services,1
204,0,0,0,0,1,0,0,0,1,1,Harlem Educational Activities Fund (HEAF),Community-based organization,MANHATTAN,Education;Outreach and Advertising;Child services,1
205,1,1,1,0,0,0,0,0,1,1,HeartShare Human Services of NY,Human Services,BROOKLYN,Health services;Social services;Advocacy and Justice;Outreach and Advertising;Child services,1
206,1,1,1,0,1,0,1,0,1,1,Hebrew Home at Riverdale,Article 28- Nursing Home Facility,BRONX,Health services;Social services;Advocacy and Justice;Education;Recreation and Leisure;Outreach and Advertising;Child services,1
207,1,1,0,0,0,0,0,0,0,0,Heights and Hills,Community-based organization,BROOKLYN,Health services;Social services,0
208,0,1,1,0,0,0,0,0,0,0,Helene & BJ's Place,Faith-based institution,,Social services;Advocacy and Justice,1
209,1,1,1,0,1,0,1,0,1,1,Henry Street Settlement,Community-based organization,BROOKLYN,Health services;Social services;Advocacy and Justice;Education;Recreation and Leisure;Outreach and Advertising;Child services,1
210,0,0,0,0,1,0,0,0,1,1,"Highbridge Advisory Council Family Servicers, Inc.",Community-based organization,BRONX,Education;Outreach and Advertising;Child services,1
211,0,0,1,0,0,1,1,0,1,0,Historic Districts Council,Community-based organization,MANHATTAN,Advocacy and Justice;Environment and Climate change;Recreation and Leisure;Outreach and Advertising,2
212,1,1,1,0,0,1,1,0,1,1,Holy Apostles Soup Kitchen,Faith-based institution,MANHATTAN,Health services;Social services;Advocacy and Justice;Environment and Climate change;Recreation and Leisure;Outreach and Advertising;Child services,1
213,1,1,0,0,0,0,0,0,0,0,Homecrest Bensonhurst Neighborhood Senior Center,Community-based organization,BROOKLYN,Health services;Social services,2
214,1,1,1,0,1,1,1,0,1,1,Hostos Community College,College and/or university,BRONX,Health services;Social services;Advocacy and Justice;Education;Environment and Climate change;Recreation and Leisure;Outreach and Advertising;Child services,1
215,1,1,0,0,0,0,0,0,0,0,House of Jacob Senior Center,Community-based organization,BROOKLYN,Health services;Social services,2
216,1,1,0,0,1,0,1,0,1,1,Hudson Guild,Community-based organization,MANHATTAN,Health services;Social services;Education;Recreation and Leisure;Outreach and Advertising;Child services,1
217,0,1,1,0,0,0,1,0,0,0,Hunger Free America,Community-based organization,MANHATTAN,Social services;Advocacy and Justice;Recreation and Leisure,1
218,0,0,0,0,1,0,0,0,1,1,HYPOTHEkids,Community-based organization,MANHATTAN,Education;Outreach and Advertising;Child services,1
219,0,0,0,0,1,0,0,0,1,1,iCouldBe,Non-profit,MANHATTAN,Education;Outreach and Advertising;Child services,1
220,0,0,0,0,1,0,1,0,1,1,Imani House Adult Literacy Program,Community-based organization,BROOKLYN,Education;Recreation and Leisure;Outreach and Advertising;Child services,1
221,0,0,0,0,1,0,0,0,1,1,iMentor,Community-based organization,MANHATTAN,Education;Outreach and Advertising;Child services,1
222,1,1,0,0,0,0,0,0,0,0,Independence Neighborhood Center,Community-based organization,BROOKLYN,Health services;Social services,2
223,1,1,0,0,1,0,1,0,1,1,Independence Plaza Senior Center,Community-based organization,MANHATTAN,Health services;Social services;Education;Recreation and Leisure;Outreach and Advertising;Child services,1
224,1,1,1,0,1,0,1,0,1,1,"India Home, Inc.",Community-based organization,QUEENS,Health services;Social services;Advocacy and Justice;Education;Recreation and Leisure;Outreach and Advertising;Child services,1
225,0,0,0,0,1,0,0,0,1,0,"Innovations For Learning, Inc.",Volunteer-led group,,Education;Outreach and Advertising,1
226,1,1,1,0,1,0,1,0,1,1,Institute for Family Health,Federally QUalified Health Center,MANHATTAN,Health services;Social services;Advocacy and Justice;Education;Recreation and Leisure;Outreach and Advertising;Child services,1
227,0,0,1,0,0,0,0,0,0,0,International Rescue Committee,Charity,MANHATTAN,Advocacy and Justice,1
228,0,1,0,0,1,0,1,0,1,0,"Intrepid Sea, Air & Space Museum",Cultural/Museum,,Social services;Education;Recreation and Leisure;Outreach and Advertising,2
229,1,1,1,0,1,0,1,0,1,0,IPRHE,Community-based organization,BRONX,Health services;Social services;Advocacy and Justice;Education;Recreation and Leisure;Outreach and Advertising,2
230,1,1,0,0,0,0,0,0,0,0,IPRHE Arturo Schomburg Senior Center,Community-based organization,BRONX,Health services;Social services,1
231,1,1,0,0,0,0,0,0,0,0,Isabella a Member of MJHS System,Community-based organization,MANHATTAN,Health services;Social services,1
232,1,1,1,0,1,0,1,0,1,1,Jacob A. Riis Neighborhood Settlement,Community-based organization,QUEENS,Health services;Social services;Advocacy and Justice;Education;Recreation and Leisure;Outreach and Advertising;Child services,1
233,1,1,0,0,0,0,0,0,1,0,Jamaica Estates Holliswood Vol Ambulance Corps,Community-based organization,QUEENS,Health services;Social services;Outreach and Advertising,1
234,1,1,1,0,1,0,1,0,1,1,JASA,Community-based organization,MANHATTAN,Health services;Social services;Advocacy and Justice;Education;Recreation and Leisure;Outreach and Advertising;Child services,2
235,1,1,0,0,0,0,0,0,0,0,JASA CIAA - NORC,Community-based organization,BROOKLYN,Health services;Social services,2
236,1,1,1,0,0,0,1,0,0,0,JASA Far Rockaway,Volunteer-led group,QUEENS,Health services;Social services;Advocacy and Justice;Recreation and Leisure,2
237,1,1,0,0,1,0,1,0,1,0,JCC of Staten Island,Community-based organization,STATEN IS,Health services;Social services;Education;Recreation and Leisure;Outreach and Advertising,2
238,1,1,0,0,0,0,0,0,0,0,Jewish Community Council of Greater Coney Island,Community-based organization,BROOKLYN,Health services;Social services,2
239,1,1,0,0,0,0,0,0,0,0,John Paul II Friendship Center,,MANHATTAN,Health services;Social services,2
240,0,1,0,0,1,0,0,0,1,1,Junior Achievement of New York,Community-based organization,MANHATTAN,Social services;Education;Outreach and Advertising;Child services,0
241,0,0,0,0,0,0,0,0,1,1,"Junior Tennis Clinic, Inc.","Community-based organization, Volunteer-led group",BROOKLYN,Outreach and Advertising;Child services,1
242,1,1,1,0,0,0,0,0,1,1,KCS,Community-based organization,QUEENS,Health services;Social services;Advocacy and Justice;Outreach and Advertising;Child services,2
243,1,1,1,0,1,0,1,0,1,0,Kew Gardens Community Center,Community-based organization,QUEENS,Health services;Social services;Advocacy and Justice;Education;Recreation and Leisure;Outreach and Advertising,2
244,0,0,0,0,0,0,0,0,1,1,Kings Against Violence Initiative,Community-based organization,BROOKLYN,Outreach and Advertising;Child services,1
245,0,1,0,0,1,0,0,0,1,1,Kingsbridge Heights Community Center,Community-based organization,BRONX,Social services;Education;Outreach and Advertising;Child services,1
246,0,1,0,0,0,1,0,0,1,1,Kissena Synergy,Volunteer-led group,QUEENS,Social services;Environment and Climate change;Outreach and Advertising;Child services,0
247,0,0,1,0,1,0,0,0,1,0,KittyKind,"Community-based organization, Cat Rescue and Adoption",,Advocacy and Justice;Education;Outreach and Advertising,1
248,1,1,1,1,1,0,1,0,1,1,La Jornada,Community-based organization,QUEENS,Health services;Social services;Advocacy and Justice;Food and Agriculture;Education;Recreation and Leisure;Outreach and Advertising;Child services,1
249,0,0,0,0,0,0,0,0,1,0,Landmarks Preservation Commission,City agency,MANHATTAN,Outreach and Advertising,1
250,0,1,1,0,0,0,0,0,0,0,Lantern Community Services,Community-based organization,MANHATTAN,Social services;Advocacy and Justice,1
251,0,0,0,0,1,0,0,0,1,1,"Latinas On the Verge of Excellence - L.O.V.E., Inc.",Community-based organization,,Education;Outreach and Advertising;Child services,1
252,0,1,0,0,1,0,0,0,0,0,Lehman College - Office of International Programs & Community Engagement,College and/or university,BRONX,Social services;Education,1
253,1,0,0,0,0,0,0,0,0,0,Lenox Hill Hospital,Hospital,MANHATTAN,Health services,1
254,1,1,1,0,1,0,1,0,1,1,Lenox Hill Neighborhood House,Community-based organization,MANHATTAN,Health services;Social services;Advocacy and Justice;Education;Recreation and Leisure;Outreach and Advertising;Child services,1
255,0,0,0,0,1,0,0,0,1,0,Let's Get Ready,Community-based organization,MANHATTAN,Education;Outreach and Advertising,2
256,1,1,0,0,0,0,0,0,1,1,Lighthouse Guild International,Health Care organization,MANHATTAN,Health services;Social services;Outreach and Advertising;Child services,1
257,0,0,0,0,1,0,0,0,1,1,"Literacy, Inc.",Community-based organization,MANHATTAN,Education;Outreach and Advertising;Child services,1
258,0,0,0,0,0,0,0,0,1,1,Little Essentials,Community-based organization,MANHATTAN,Outreach and Advertising;Child services,1
259,0,1,1,0,1,0,1,0,1,1,Little Sisters of the Assumption Family Health Service,Community-based organization,MANHATTAN,Social services;Advocacy and Justice;Education;Recreation and Leisure;Outreach and Advertising;Child services,1
260,1,0,0,0,0,0,0,0,0,0,LiveOnNY,Organ Procurement Organization - Nonprofit,MANHATTAN,Health services,1
261,0,0,0,0,0,1,0,0,0,0,Long Island City Business Improvement District,Community-based organization,QUEENS,Environment and Climate change,1
262,1,1,1,0,1,1,1,0,1,1,Long Island University,College and/or university,BROOKLYN,Health services;Social services;Advocacy and Justice;Education;Environment and Climate change;Recreation and Leisure;Outreach and Advertising;Child services,1
263,1,1,1,0,0,0,1,0,0,0,Long Term Care Ombudsman Program for New York City,Federally Mandated Advocacy Program,MANHATTAN,Health services;Social services;Advocacy and Justice;Recreation and Leisure,2
264,0,0,1,0,1,1,1,0,1,0,Lower East Side Ecology Center,Community-based organization,,Advocacy and Justice;Education;Environment and Climate change;Recreation and Leisure;Outreach and Advertising,1
265,1,1,0,0,0,0,0,0,0,0,LSNC West 65th Street Center/NORC at Goddard Riverside Community Center,"Community-based organization, Senior Center",MANHATTAN,Health services;Social services,1
266,0,0,0,0,0,0,0,0,0,0,Macaulay Honors College,College and/or university,MANHATTAN,,1
267,1,1,1,0,1,0,1,0,1,1,Maimonides Medical Center,Hospital,BROOKLYN,Health services;Social services;Advocacy and Justice;Education;Recreation and Leisure;Outreach and Advertising;Child services,1
268,1,1,0,0,0,0,0,0,1,1,Make - A - Wish Metro New York and Western New York,"Community-based organization, Nonprofit/ Community-based organization",MANHATTAN,Health services;Social services;Outreach and Advertising;Child services,1
269,1,1,1,0,1,0,1,0,1,1,Make the Road New York,Community-based organization,QUEENS,Health services;Social services;Advocacy and Justice;Education;Recreation and Leisure;Outreach and Advertising;Child services,1
270,0,0,0,0,1,0,1,0,1,0,Mano a Mano - Mexican Culture Without Borders,Community-based organization,MANHATTAN,Education;Recreation and Leisure;Outreach and Advertising,1
271,1,1,1,0,1,0,1,0,1,1,Marlene Meyerson JCC Manhattan,Community-based organization,MANHATTAN,Health services;Social services;Advocacy and Justice;Education;Recreation and Leisure;Outreach and Advertising;Child services,2
272,0,0,0,0,0,0,1,0,1,0,Mayor's Office of Citywide Event Coordination and Management,City agency,MANHATTAN,Recreation and Leisure;Outreach and Advertising,1
273,0,0,1,0,0,0,0,0,0,0,Mayor's Office of Criminal Justice,City agency,MANHATTAN,Advocacy and Justice,1
274,0,1,1,0,1,0,1,0,1,0,Mayor's Office of Data Analytics (MODA),City agency,MANHATTAN,Social services;Advocacy and Justice;Education;Recreation and Leisure;Outreach and Advertising,1
275,0,0,1,0,0,0,1,0,0,1,Mayor's Office of Immigrant Affairs,City agency,MANHATTAN,Advocacy and Justice;Recreation and Leisure;Child services,1
276,0,1,1,0,0,0,1,0,1,0,Mayor's Office of Special Projects and Community Events,City agency,MANHATTAN,Social services;Advocacy and Justice;Recreation and Leisure;Outreach and Advertising,1
277,0,0,0,0,0,1,0,0,0,0,Mayor's Office of Sustainability,"City agency, NYC Mayor's Office",MANHATTAN,Environment and Climate change,1
278,0,0,0,0,1,0,0,0,1,0,Mercy College,College and/or university,,Education;Outreach and Advertising,1
279,1,1,1,1,0,0,0,0,0,1,Met Council,Community-based organization,MANHATTAN,Health services;Social services;Advocacy and Justice;Food and Agriculture;Child services,1
280,1,0,1,0,1,0,1,0,1,1,Mexican Coalition,Community-based organization,BRONX,Health services;Advocacy and Justice;Education;Recreation and Leisure;Outreach and Advertising;Child services,1
281,1,1,0,1,1,0,1,0,1,0,Mill Basin Active Adults,Community-based organization,BROOKLYN,Health services;Social services;Food and Agriculture;Education;Recreation and Leisure;Outreach and Advertising,1
282,1,1,0,0,0,0,0,0,1,1,Millennium Development,Community-based organization,BROOKLYN,Health services;Social services;Outreach and Advertising;Child services,2
283,1,1,0,0,0,0,0,0,0,0,Millennium Development Vandalia Neighborhood Senior Center,Community-based organization,BROOKLYN,Health services;Social services,2
284,1,1,1,0,1,0,1,0,1,0,Mitchell Senior Center,Senior Center,,Health services;Social services;Advocacy and Justice;Education;Recreation and Leisure;Outreach and Advertising,1
285,1,1,1,0,1,0,1,0,1,1,"Mixteca Organization, Inc.","Community-based organization, Non for profit",BROOKLYN,Health services;Social services;Advocacy and Justice;Education;Recreation and Leisure;Outreach and Advertising;Child services,1
286,1,1,0,0,0,0,0,0,0,0,MM Bethune Senior Center,Community-based organization,MANHATTAN,Health services;Social services,2
287,0,0,1,0,1,1,1,0,1,1,Mobilization for Change Community Garden,"Community-based organization, Volunteer-led group, Community Garden",MANHATTAN,Advocacy and Justice;Education;Environment and Climate change;Recreation and Leisure;Outreach and Advertising;Child services,1
288,1,1,0,0,0,0,0,0,0,0,"Modest Community Services Association, Inc.",Non Profit organization,STATEN IS,Health services;Social services,1
289,0,0,0,1,0,0,0,0,0,0,Monday Night Hospitality,Community-based organization,MANHATTAN,Food and Agriculture,1
290,0,0,1,0,1,1,1,0,1,1,More Gardens Fund,Community-based organization,MANHATTAN,Advocacy and Justice;Education;Environment and Climate change;Recreation and Leisure;Outreach and Advertising;Child services,0
291,1,1,1,0,0,0,0,0,1,1,Mosholu Montefiore Community Center,Community-based organization,BRONX,Health services;Social services;Advocacy and Justice;Outreach and Advertising;Child services,2
292,1,1,0,0,0,0,0,0,0,0,Mount Loretto Neighborhood Senior Center,Senior Center,STATEN IS,Health services;Social services,1
293,1,0,0,0,0,0,0,0,0,0,Mount Sinai Sexual Assault and Violence Intervention Program (SAVI),Hospital,,Health services,1
294,1,0,0,0,0,0,0,0,0,0,Mount Sinai St. Luke's Hospital,Hospital,MANHATTAN,Health services,1
295,1,0,0,0,0,0,0,0,0,0,Mount Sinai West Hospital,Hospital,MANHATTAN,Health services,1
296,1,1,0,0,1,0,1,0,1,0,Musicians On Call,Non-profit organization,MANHATTAN,Health services;Social services;Education;Recreation and Leisure;Outreach and Advertising,1
297,1,0,1,0,0,0,0,0,1,1,"My Friends Place NY, Inc.","Community-based organization, Volunteer-led group",BROOKLYN,Health services;Advocacy and Justice;Outreach and Advertising;Child services,0
298,1,1,1,0,0,0,0,0,1,0,National Association of Hispanic Healthcare Executives,"Volunteer-led group, non-profit",MANHATTAN,Health services;Social services;Advocacy and Justice;Outreach and Advertising,1
299,0,0,1,0,1,0,1,0,1,1,"National Youth Organization of Pakistan, Inc.","Community-based organization, Faith-based institution",BROOKLYN,Advocacy and Justice;Education;Recreation and Leisure;Outreach and Advertising;Child services,1
300,0,0,0,0,0,1,0,0,0,0,Natural Areas Conservancy,Public-Private Partnership,MANHATTAN,Environment and Climate change,1
301,0,1,1,0,0,0,0,0,0,0,Neighborhood Coalition for Shelter,Community-based organization,MANHATTAN,Social services;Advocacy and Justice,1
302,0,1,0,0,0,0,0,0,0,0,"Neighborhood Housing Services of Jamaica, Inc.",Community-based organization,QUEENS,Social services,1
303,1,1,1,0,1,0,1,0,1,1,Neighborhood SHOPP,Community-based organization,BRONX,Health services;Social services;Advocacy and Justice;Education;Recreation and Leisure;Outreach and Advertising;Child services,2
304,0,0,0,0,1,0,1,0,1,1,Neighborhood Work Play Kids Theatre,Literacy and Theater,,Education;Recreation and Leisure;Outreach and Advertising;Child services,1
305,0,0,0,0,1,0,0,1,0,0,New York Academy of Sciences,Science Academy - Non-profit organization,MANHATTAN,Education;Technology and Innovation,1
306,1,0,0,0,0,0,0,0,0,0,New York Blood Center,Non Profit Healthcare,,Health services,2
307,1,1,1,0,1,1,1,0,1,1,New York Cares,Community-based organization,MANHATTAN,Health services;Social services;Advocacy and Justice;Education;Environment and Climate change;Recreation and Leisure;Outreach and Advertising;Child services,1
308,0,1,1,0,1,0,1,0,1,0,New York City Department of Correction,City agency,QUEENS,Social services;Advocacy and Justice;Education;Recreation and Leisure;Outreach and Advertising,1
309,0,0,1,0,0,1,0,0,0,0,"New York City Department of Environmental Protection, Organizational Development and Human Resources",City agency,QUEENS,Advocacy and Justice;Environment and Climate change,1
310,0,0,0,0,0,0,0,0,1,0,New York City Emergency Management Department,City agency,BROOKLYN,Outreach and Advertising,1
311,0,0,1,0,0,1,1,0,1,1,New York City Housing Authority,City agency,MANHATTAN,Advocacy and Justice;Environment and Climate change;Recreation and Leisure;Outreach and Advertising;Child services,1
312,0,0,0,0,1,0,1,0,0,0,New York City Lions Youth Football League,Community-based organization,MANHATTAN,Education;Recreation and Leisure,1
313,1,1,0,0,0,0,0,0,1,0,New York City Medical Reserve Corps,City agency,QUEENS,Health services;Social services;Outreach and Advertising,1
314,0,1,1,0,0,0,0,0,1,0,New York City Relief,Faith-based institution,,Social services;Advocacy and Justice;Outreach and Advertising,1
315,0,1,1,0,1,0,1,0,1,1,New York Disaster Interfaith Services,Faith-based institution,MANHATTAN,Social services;Advocacy and Justice;Education;Recreation and Leisure;Outreach and Advertising;Child services,1
316,0,0,0,0,1,0,1,0,1,1,New York Edge,Community-based organization,QUEENS,Education;Recreation and Leisure;Outreach and Advertising;Child services,1
317,0,0,1,0,0,0,1,0,0,1,New York Immigration Coalition,Non-Profit,MANHATTAN,Advocacy and Justice;Recreation and Leisure;Child services,1
318,1,1,1,0,1,1,0,0,1,1,New York Institute of Technology,College and/or university,MANHATTAN,Health services;Social services;Advocacy and Justice;Education;Environment and Climate change;Outreach and Advertising;Child services,1
319,1,1,1,0,1,0,1,0,1,1,New York Junior League,Volunteer-led group,MANHATTAN,Health services;Social services;Advocacy and Justice;Education;Recreation and Leisure;Outreach and Advertising;Child services,1
320,1,1,1,0,1,1,0,0,1,0,New York Presbyterian - Allen Hospital,Hospital,,Health services;Social services;Advocacy and Justice;Education;Environment and Climate change;Outreach and Advertising,1
321,1,0,0,0,0,0,0,0,0,0,New York Presbyterian - Columbia University Irving Medical Center,Hospital,MANHATTAN,Health services,1
322,1,0,0,0,0,0,0,0,0,0,New York Presbyterian - Lawrence Hospital,Hospital,,Health services,2
323,1,0,0,0,0,0,0,0,0,0,New York Presbyterian - Lower Manhattan,Hospital,MANHATTAN,Health services,1
324,1,0,0,0,0,0,0,0,1,1,New York Presbyterian - Morgan Stanley Children's Hospital,Hospital,MANHATTAN,Health services;Outreach and Advertising;Child services,1
325,1,0,0,0,0,0,0,0,0,0,New York Presbyterian - Weill Cornell Medical Center,Hospital,MANHATTAN,Health services,1
326,1,1,0,0,0,0,0,0,0,0,New York Presbyterian - Westchester Behavioral Health Center,Hospital,,Health services;Social services,1
327,1,1,1,0,1,0,1,0,1,1,New York Public Library,private / public partnership,MANHATTAN,Health services;Social services;Advocacy and Justice;Education;Recreation and Leisure;Outreach and Advertising;Child services,1
328,0,0,0,0,0,1,0,0,0,0,New York Restoration Project,Community-based organization,MANHATTAN,Environment and Climate change,1
329,1,1,1,0,0,0,0,0,1,1,New York Road Runners,Non-Profit,MANHATTAN,Health services;Social services;Advocacy and Justice;Outreach and Advertising;Child services,1
330,1,0,0,0,1,0,1,0,1,1,New York SCORES (d/b/a America SCORES New York),Community-based organization,MANHATTAN,Health services;Education;Recreation and Leisure;Outreach and Advertising;Child services,1
331,0,1,1,0,0,0,1,0,1,0,New York State Sickle Cell Advocacy Network (Formerly QSCAN),"Community-based organization, Volunteer-led group",QUEENS,Social services;Advocacy and Justice;Recreation and Leisure;Outreach and Advertising,1
332,1,1,1,0,1,1,1,0,1,1,New York University,College and/or university,MANHATTAN,Health services;Social services;Advocacy and Justice;Education;Environment and Climate change;Recreation and Leisure;Outreach and Advertising;Child services,1
333,0,0,1,0,0,1,1,0,0,0,Newtown Creek Alliance,Community-based organization,BROOKLYN,Advocacy and Justice;Environment and Climate change;Recreation and Leisure,1
334,0,1,1,0,0,0,1,0,1,0,NHS Brooklyn,Community-based organization,BROOKLYN,Social services;Advocacy and Justice;Recreation and Leisure;Outreach and Advertising,1
335,0,0,1,0,0,0,1,0,0,0,Nonprofit New York,membership organization,MANHATTAN,Advocacy and Justice;Recreation and Leisure,1
336,1,1,0,0,0,0,0,0,0,0,Northeast Bronx Seniors,Senior Center,BRONX,Health services;Social services,2
337,0,1,1,0,1,1,1,0,1,1,Northern Manhattan Improvement Corporation,Community-based organization,MANHATTAN,Social services;Advocacy and Justice;Education;Environment and Climate change;Recreation and Leisure;Outreach and Advertising;Child services,1
338,0,0,0,0,1,0,1,0,1,1,Nubian Conservatory of Music,Music School,BROOKLYN,Education;Recreation and Leisure;Outreach and Advertising;Child services,2
339,0,0,0,0,1,0,1,0,1,0,NY Classical Theatre,"Community-based organization, Theatre Company",MANHATTAN,Education;Recreation and Leisure;Outreach and Advertising,1
340,0,0,1,0,1,0,1,0,1,0,NY Writers Coalition,Non-profit,BROOKLYN,Advocacy and Justice;Education;Recreation and Leisure;Outreach and Advertising,1
341,0,1,1,0,0,0,0,0,0,0,NYC Campaign Finance Board,City agency,MANHATTAN,Social services;Advocacy and Justice,1
342,1,1,1,0,0,0,1,0,1,1,NYC Commission on Human Rights,City agency,MANHATTAN,Health services;Social services;Advocacy and Justice;Recreation and Leisure;Outreach and Advertising;Child services,1
343,1,1,1,0,1,0,1,0,1,0,NYC Department for the Aging,City agency,MANHATTAN,Health services;Social services;Advocacy and Justice;Education;Recreation and Leisure;Outreach and Advertising,2
344,1,1,0,0,0,0,0,0,0,0,NYC Department of Health and Mental Hygiene,City agency,QUEENS,Health services;Social services,1
345,0,1,0,0,0,0,0,0,1,0,NYC Department of Small Business Services,City agency,,Social services;Outreach and Advertising,1
346,1,1,1,0,1,0,0,0,1,0,NYC Department of Veterans' Services,City agency,MANHATTAN,Health services;Social services;Advocacy and Justice;Education;Outreach and Advertising,1
347,1,0,0,0,0,0,0,0,0,0,NYC Health + Hospitals -  Elmhurst,Hospital,QUEENS,Health services,1
348,1,0,0,0,0,0,0,0,0,0,NYC Health + Hospitals - Bellevue,Hospital,MANHATTAN,Health services,1
349,1,1,0,0,0,0,0,0,1,0,NYC Health + Hospitals - Coler,Nursing Facility,MANHATTAN,Health services;Social services;Outreach and Advertising,1
350,1,0,0,0,0,0,0,0,0,0,NYC Health + Hospitals - Coney Island,Hospital,BROOKLYN,Health services,1
351,1,0,0,0,0,0,0,0,0,0,NYC Health + Hospitals - Gotham Health,Hospital,,Health services,1
352,1,0,0,0,0,0,0,0,0,0,NYC Health + Hospitals - Gouverneur,Hospital,MANHATTAN,Health services,1
353,1,0,0,0,0,0,0,0,0,0,NYC Health + Hospitals - Harlem,Hospital,MANHATTAN,Health services,1
354,1,0,0,0,0,0,0,0,0,0,NYC Health + Hospitals - Henry J. Carter Specialty Hospital & Nursing Facility,Hospital,MANHATTAN,Health services,1
355,1,0,0,0,0,0,0,0,0,0,NYC Health + Hospitals - Jacobi,Hospital,BRONX,Health services,1
356,1,0,0,0,0,0,0,0,0,0,NYC Health + Hospitals - Kings County Volunteer Services,Hospital,BROOKLYN,Health services,1
357,1,1,1,0,0,0,0,0,1,1,NYC Health + Hospitals - Lincoln,Hospital,BRONX,Health services;Social services;Advocacy and Justice;Outreach and Advertising;Child services,1
358,1,1,1,0,0,0,0,0,1,1,NYC Health + Hospitals - Metropolitan,Hospital,MANHATTAN,Health services;Social services;Advocacy and Justice;Outreach and Advertising;Child services,1
359,1,0,0,0,0,0,0,0,0,0,NYC Health + Hospitals - North Central Bronx,Hospital,BRONX,Health services,1
360,1,1,1,0,0,0,1,0,1,1,NYC Health + Hospitals - Queens,Hospital,QUEENS,Health services;Social services;Advocacy and Justice;Recreation and Leisure;Outreach and Advertising;Child services,1
361,1,0,0,0,0,0,0,0,0,0,NYC Health + Hospitals - Sea View,Nursing Home,STATEN IS,Health services,1
362,1,1,1,0,0,0,0,0,1,0,NYC Health + Hospitals - Woodhull,Hospital,BROOKLYN,Health services;Social services;Advocacy and Justice;Outreach and Advertising,1
363,0,1,1,0,0,0,0,0,1,0,NYC Mayor's Office - Community Affairs Unit,City agency,MANHATTAN,Social services;Advocacy and Justice;Outreach and Advertising,1
364,0,0,0,0,0,1,0,0,0,0,NYC Mayor's Office of Climate Policy and Programs,City agency,MANHATTAN,Environment and Climate change,1
365,0,1,0,0,0,0,0,0,1,0,NYC Mayor's Office of Workforce Development,City agency,MANHATTAN,Social services;Outreach and Advertising,1
366,1,1,0,0,0,1,1,0,1,1,NYC Parks,City agency,MANHATTAN,Health services;Social services;Environment and Climate change;Recreation and Leisure;Outreach and Advertising;Child services,1
367,0,0,0,0,1,1,1,0,1,1,NYC Parks - Forest & Highland Park Administration,City agency,QUEENS,Education;Environment and Climate change;Recreation and Leisure;Outreach and Advertising;Child services,1
368,1,0,0,0,0,0,1,0,0,0,NYC Parks - Shape Up NYC,City agency,MANHATTAN,Health services;Recreation and Leisure,1
369,0,0,0,0,0,1,0,0,0,0,NYC Sanitation - Foundation for NY's Strongest,"City agency, Community-based organization",MANHATTAN,Environment and Climate change,1
370,0,1,1,0,0,0,0,0,0,0,NYC Service - NYC Youth Leadership Councils,City agency,MANHATTAN,Social services;Advocacy and Justice,0
371,0,0,0,0,1,0,0,0,1,0,NYC Urban Debate League,Non-profit organization,MANHATTAN,Education;Outreach and Advertising,0
372,0,1,1,0,0,0,0,0,1,0,NYPD Auxiliary Program,City agency,QUEENS,Social services;Advocacy and Justice;Outreach and Advertising,1
373,1,0,0,0,0,0,0,0,0,0,NYU Langone Health - Main Campus,Hospital,MANHATTAN,Health services,1
374,1,1,0,0,0,0,0,0,1,1,NYU Langone Hospital - Brooklyn,Hospital,BROOKLYN,Health services;Social services;Outreach and Advertising;Child services,1
375,1,0,0,0,1,0,1,0,1,1,Only Make Believe,Non-Profit Organization,MANHATTAN,Health services;Education;Recreation and Leisure;Outreach and Advertising;Child services,1
376,0,1,1,0,0,0,1,0,1,1,"Out My Closet, Inc.",Community-based organization,QUEENS,Social services;Advocacy and Justice;Recreation and Leisure;Outreach and Advertising;Child services,1
377,0,1,1,0,1,0,1,0,1,0,Pace University,College and/or university,MANHATTAN,Social services;Advocacy and Justice;Education;Recreation and Leisure;Outreach and Advertising,1
378,0,0,1,0,1,1,1,0,1,1,"Parent - Child Relationship Association, Inc.","Community-based organization, Volunteer-led group",BROOKLYN,Advocacy and Justice;Education;Environment and Climate change;Recreation and Leisure;Outreach and Advertising;Child services,0
379,1,1,1,0,0,0,0,0,1,1,Part of the Solution (POTS),Community-based organization,BRONX,Health services;Social services;Advocacy and Justice;Outreach and Advertising;Child services,1
380,0,1,0,0,1,0,0,0,1,1,Partnership for After School Education,Community-based organization,MANHATTAN,Social services;Education;Outreach and Advertising;Child services,1
381,0,1,1,1,0,0,1,0,0,0,Pathhseo,Community-based organization,,Social services;Advocacy and Justice;Food and Agriculture;Recreation and Leisure,1
382,0,1,0,0,0,0,0,0,1,0,PCF Healing Hearts For Life,Faith-based institution,BRONX,Social services;Outreach and Advertising,1
383,1,1,1,0,1,0,1,0,1,1,Peer Health Exchange,"Community-based organization, Volunteer-led group, Non-profit",MANHATTAN,Health services;Social services;Advocacy and Justice;Education;Recreation and Leisure;Outreach and Advertising;Child services,1
384,0,0,1,0,1,0,1,0,1,0,PEN America,Literary & Free Speech Advocacy Nonprofit,MANHATTAN,Advocacy and Justice;Education;Recreation and Leisure;Outreach and Advertising,1
385,0,0,0,0,0,0,0,0,1,1,"PENCIL, Inc.",Community-based organization,MANHATTAN,Outreach and Advertising;Child services,1
386,0,1,0,0,0,0,0,0,1,0,PennPAC Probono Alumni Consulting,Community-based organization,,Social services;Outreach and Advertising,1
387,1,1,0,0,0,0,0,0,0,0,Peter Cardella Senior Citizen Center,senior center,QUEENS,Health services;Social services,2
388,0,0,1,0,0,0,1,0,1,1,PFLAG NYC,Community-based organization,MANHATTAN,Advocacy and Justice;Recreation and Leisure;Outreach and Advertising;Child services,1
389,1,1,0,0,0,0,0,0,0,0,Philip Howard NORC/Millennium Development,Community-based organization,BROOKLYN,Health services;Social services,2
390,1,1,1,0,1,0,1,0,1,1,Phipps Neighborhoods NORC,Community-based organization,MANHATTAN,Health services;Social services;Advocacy and Justice;Education;Recreation and Leisure;Outreach and Advertising;Child services,2
391,0,0,0,0,0,0,0,0,1,1,Playworks Education Energized,"Community-based organization, Social Emotional Learning",,Outreach and Advertising;Child services,1
392,1,1,1,0,1,0,1,0,1,0,"PLG Veterans Assistance Fund, Inc.",Non-profit org to provide information and resources to veterans,,Health services;Social services;Advocacy and Justice;Education;Recreation and Leisure;Outreach and Advertising,2
393,1,1,1,0,0,0,0,0,0,1,Polish and Slavic Center - Krakus Center,Community-based organization,BROOKLYN,Health services;Social services;Advocacy and Justice;Child services,2
394,0,0,0,0,1,0,0,0,1,1,PowerHouse Kids,"Community-based organization, Faith-based institution",QUEENS,Education;Outreach and Advertising;Child services,1
395,1,1,1,0,1,0,1,0,1,1,Pride Center of Staten Island,Community-based organization,STATEN IS,Health services;Social services;Advocacy and Justice;Education;Recreation and Leisure;Outreach and Advertising;Child services,1
396,0,1,1,0,1,0,1,0,1,1,Project by Project,"Community-based organization, Volunteer-led group",BROOKLYN,Social services;Advocacy and Justice;Education;Recreation and Leisure;Outreach and Advertising;Child services,1
397,0,1,1,0,0,0,1,0,1,0,Project by Project NY,"Community-based organization, Volunteer-led group",,Social services;Advocacy and Justice;Recreation and Leisure;Outreach and Advertising,1
398,1,1,0,0,0,0,0,0,0,0,Project FIND Coffeehouse,Community-based organization,,Health services;Social services,2
399,1,1,0,0,1,0,1,0,1,0,Project FIND Hamilton,Community-based organization,MANHATTAN,Health services;Social services;Education;Recreation and Leisure;Outreach and Advertising,1
400,1,1,1,0,1,0,1,0,1,0,Project FIND Woodstock Senior Center,Community-based organization,MANHATTAN,Health services;Social services;Advocacy and Justice;Education;Recreation and Leisure;Outreach and Advertising,1
401,1,1,0,0,1,0,1,0,1,1,Project HAPPY at Hunter College,College and/or university,MANHATTAN,Health services;Social services;Education;Recreation and Leisure;Outreach and Advertising;Child services,1
402,0,1,1,0,0,0,1,0,1,1,Project Hospitality,Community-based organization,STATEN IS,Social services;Advocacy and Justice;Recreation and Leisure;Outreach and Advertising;Child services,1
403,0,0,1,0,1,1,1,0,1,1,Project Petals,Community-based organization,,Advocacy and Justice;Education;Environment and Climate change;Recreation and Leisure;Outreach and Advertising;Child services,0
404,0,0,0,0,0,0,0,0,1,1,Project Sunshine,Community-based organization,MANHATTAN,Outreach and Advertising;Child services,1
405,1,1,1,0,0,0,1,0,0,0,Prospect Hill Senior Center,Community-based organization,BROOKLYN,Health services;Social services;Advocacy and Justice;Recreation and Leisure,0
406,0,0,0,0,0,1,0,0,0,0,Prospect Park Alliance,Community-based organization,BROOKLYN,Environment and Climate change,1
407,0,0,1,0,0,1,0,0,0,0,Prospect Park Zoo - Wildlife Conservation Society,Cultural Institution,BROOKLYN,Advocacy and Justice;Environment and Climate change,0
408,1,1,0,0,0,0,0,0,0,0,PSS,Community-based organization,MANHATTAN,Health services;Social services,2
409,1,1,0,0,0,0,0,0,0,0,PSS Davidson Senior Center,Senior Center,BRONX,Health services;Social services,1
410,0,0,0,0,1,0,1,0,1,0,Public Design Commission,City agency,MANHATTAN,Education;Recreation and Leisure;Outreach and Advertising,2
411,0,0,0,0,1,1,1,0,1,1,Queens Botanical Garden,Museum/Botanical Garden,QUEENS,Education;Environment and Climate change;Recreation and Leisure;Outreach and Advertising;Child services,1
412,0,0,0,0,0,0,0,0,1,0,Queens CERT District 9,Community-based organization,QUEENS,Outreach and Advertising,1
413,1,1,1,0,0,0,0,0,1,1,Queens Community House,Community-based organization,QUEENS,Health services;Social services;Advocacy and Justice;Outreach and Advertising;Child services,1
414,1,1,0,0,0,0,0,0,0,0,Queens Community House - Forest Hills Senior Center,Community-based organization,QUEENS,Health services;Social services,1
415,0,1,1,0,1,0,1,0,1,1,Queens Public Library,Public Library,QUEENS,Social services;Advocacy and Justice;Education;Recreation and Leisure;Outreach and Advertising;Child services,0
416,1,1,1,0,0,0,1,0,0,0,"Queens Sickle Cell Advocacy Network, Inc.","Community-based organization, Volunteer-led group",QUEENS,Health services;Social services;Advocacy and Justice;Recreation and Leisure,0
417,0,0,1,0,1,1,0,0,1,1,Queens Zoo,zoo,QUEENS,Advocacy and Justice;Education;Environment and Climate change;Outreach and Advertising;Child services,0
418,1,1,0,0,0,0,0,0,0,0,Raices Astoria Neighborhood Senior Center,Community-based organization,QUEENS,Health services;Social services,2
419,1,1,0,0,0,0,0,0,0,0,Raices Corona Neighborhood Senior Center,Community-based organization,QUEENS,Health services;Social services,2
420,1,1,0,0,1,0,1,0,1,0,Raices Gowanus Senior Center,Community-based organization,BROOKLYN,Health services;Social services;Education;Recreation and Leisure;Outreach and Advertising,1
421,1,1,0,0,0,0,0,0,0,0,Raices Times Plaza,Community-based organization,BROOKLYN,Health services;Social services,2
422,1,1,1,0,1,0,1,0,1,0,RAIN Boston Road Senior Center,Community-based organization,BRONX,Health services;Social services;Advocacy and Justice;Education;Recreation and Leisure;Outreach and Advertising,2
423,1,1,0,0,0,0,0,0,0,0,RAIN Eastchester Neighborhood Senior Center,Community-based organization,BRONX,Health services;Social services,2
424,1,1,0,0,0,0,0,0,0,0,RAIN Parkchester Senior Center,Community-based organization,BRONX,Health services;Social services,2
425,1,1,1,0,0,0,0,0,1,0,"Rainbow Heights Club, a project of Heights Hill Mental Health Service SBPC Community Advisory Board, Inc.",Community-based organization,BROOKLYN,Health services;Social services;Advocacy and Justice;Outreach and Advertising,1
426,0,1,0,0,0,0,0,0,1,0,Raised By Us,Community-based organization,MANHATTAN,Social services;Outreach and Advertising,1
427,0,0,0,0,0,1,0,0,0,0,Randall's Island Park Alliance,Public Park,MANHATTAN,Environment and Climate change,1
428,0,0,0,0,1,0,0,0,1,1,READ 718,Community-based organization,BROOKLYN,Education;Outreach and Advertising;Child services,1
429,0,0,0,0,1,0,0,0,1,1,"Read Ahead, Inc.",Community-based organization,MANHATTAN,Education;Outreach and Advertising;Child services,1
430,0,0,0,0,1,0,0,0,1,0,Reading Partners,Community-based organization,MANHATTAN,Education;Outreach and Advertising,1
431,1,1,0,0,0,0,0,0,0,0,"Reality House, Inc.",Community-based organization,QUEENS,Health services;Social services,1
432,1,1,0,0,0,0,0,0,0,0,Rebekah Rehab & Extended Care Center,Nursing Home & Rehab,BRONX,Health services;Social services,1
433,1,1,1,0,0,1,0,0,1,0,Rebuilding Together NYC,Community-based organization,BROOKLYN,Health services;Social services;Advocacy and Justice;Environment and Climate change;Outreach and Advertising,1
434,1,1,0,0,0,0,0,0,0,0,"Regional Aid for Interim Needs, Inc.","Community-based organization, Non-Profit",BRONX,Health services;Social services,1
435,1,1,0,0,1,0,1,0,1,0,Rego Park Senior Center,Community-based organization,QUEENS,Health services;Social services;Education;Recreation and Leisure;Outreach and Advertising,2
436,1,1,1,0,0,0,1,0,1,0,Repair the World NYC,Community-based organization,BROOKLYN,Health services;Social services;Advocacy and Justice;Recreation and Leisure;Outreach and Advertising,1
437,0,0,0,1,0,0,0,0,0,0,Rescuing Leftover Cuisine,Community-based organization,MANHATTAN,Food and Agriculture,1
438,1,1,1,0,1,0,1,0,1,0,Retired and Senior Volunteer Program (RSVP) of the Community Service Society of New York,Private Nonprofit,MANHATTAN,Health services;Social services;Advocacy and Justice;Education;Recreation and Leisure;Outreach and Advertising,2
439,1,1,1,0,1,1,1,0,1,1,RIseBoro Community Partnership,Community-based organization,BROOKLYN,Health services;Social services;Advocacy and Justice;Education;Environment and Climate change;Recreation and Leisure;Outreach and Advertising;Child services,0
440,0,0,1,0,0,1,1,0,0,0,Riverside Park Conservancy,Community-based organization,MANHATTAN,Advocacy and Justice;Environment and Climate change;Recreation and Leisure,1
441,0,0,0,0,0,1,0,0,1,1,Rockaway Initiative for Sustainability and Equity (formerly Rockaway Waterfront Alliance),Community-based organization,QUEENS,Environment and Climate change;Outreach and Advertising;Child services,1
442,1,1,1,0,1,0,1,0,1,0,RSS - Riverdale Senior Services,Senior Services,BRONX,Health services;Social services;Advocacy and Justice;Education;Recreation and Leisure;Outreach and Advertising,2
443,1,1,1,0,0,0,0,0,1,1,Safe Families For Children,Community-based organization,,Health services;Social services;Advocacy and Justice;Outreach and Advertising;Child services,1
444,1,1,1,0,0,0,0,0,1,1,Safe Horizon,Community-based organization,MANHATTAN,Health services;Social services;Advocacy and Justice;Outreach and Advertising;Child services,1
445,0,1,1,0,0,0,0,0,1,1,Safe Passage Project,Legal services,MANHATTAN,Social services;Advocacy and Justice;Outreach and Advertising;Child services,1
446,1,1,1,0,0,0,1,0,1,0,SAGE,Community-based organization,MANHATTAN,Health services;Social services;Advocacy and Justice;Recreation and Leisure;Outreach and Advertising,1
447,1,1,1,0,0,0,0,0,1,0,SAGE - Advocacy and Services for LBGT Elders,Community-based organization,MANHATTAN,Health services;Social services;Advocacy and Justice;Outreach and Advertising,1
448,1,1,1,0,1,0,1,0,1,1,Samuel Field YM - YWHA dba Commonpoint Queens,Community-based organization,QUEENS,Health services;Social services;Advocacy and Justice;Education;Recreation and Leisure;Outreach and Advertising;Child services,1
449,0,1,1,0,1,0,1,0,1,1,SCAN - Harbor,Community-based organization,MANHATTAN,Social services;Advocacy and Justice;Education;Recreation and Leisure;Outreach and Advertising;Child services,1
450,0,1,0,0,1,0,0,0,1,0,SCORE - Staten Island,Community-based organization,STATEN IS,Social services;Education;Outreach and Advertising,2
451,0,0,0,0,0,0,0,0,1,1,Seamens Society for Children and Families,Community-based organization,STATEN IS,Outreach and Advertising;Child services,1
452,1,1,0,0,0,0,0,0,0,0,Search and Care,Community-based organization,MANHATTAN,Health services;Social services,2
453,1,1,1,0,1,0,1,0,1,0,Selfhelp Austin Street Senior Center,Community-based organization,QUEENS,Health services;Social services;Advocacy and Justice;Education;Recreation and Leisure;Outreach and Advertising,2
454,1,1,0,0,0,0,0,0,0,0,Selfhelp Big Six Towers NORC Program,Community-based organization,QUEENS,Health services;Social services,2
455,1,1,0,0,0,0,0,0,0,0,Selfhelp Community Services -  Virtual Senior Center,Community-based organization,QUEENS,Health services;Social services,1
456,1,1,1,0,0,0,0,0,0,0,"Selfhelp Community Services, Inc. - Holocaust Survivor Program",Community-based organization,MANHATTAN,Health services;Social services;Advocacy and Justice,1
457,1,1,0,0,0,0,0,0,0,0,Selfhelp Innovative Senior Center,Community-based organization,QUEENS,Health services;Social services,2
458,1,1,0,0,0,0,0,0,0,0,Selfhelp Latimer Gardens Senior Center,Community-based organization,QUEENS,Health services;Social services,2
459,1,1,0,0,0,0,0,0,0,0,Selfhelp NORC Northridge,Community-based organization,QUEENS,Health services;Social services,2
460,1,1,1,0,0,0,0,0,0,1,Selfhelp Queens North Friendly Visiting Program,Community-based organization,QUEENS,Health services;Social services;Advocacy and Justice;Child services,1
461,1,1,0,0,0,0,0,0,0,0,Selfhlp Clearview Senior Center,Community-based organization,QUEENS,Health services;Social services,2
462,1,1,0,0,0,0,0,0,0,0,Senior Citizens League of Flatbush,Senior Center,BROOKLYN,Health services;Social services,2
463,1,1,1,0,1,0,1,0,1,0,Sephardic Multi Service Senior Center,Community-based organization,BROOKLYN,Health services;Social services;Advocacy and Justice;Education;Recreation and Leisure;Outreach and Advertising,2
464,1,1,1,0,0,0,0,0,1,0,Services for the UnderServed (S:US),Community-based organization,MANHATTAN,Health services;Social services;Advocacy and Justice;Outreach and Advertising,1
465,1,1,0,0,0,0,0,0,0,0,"Services Now for Adult Person, Inc. (SNAP, Inc.)",Community-based organization,,Health services;Social services,1
466,0,1,1,0,0,0,0,0,0,0,Shalom Task Force,Community-based organization,MANHATTAN,Social services;Advocacy and Justice,1
467,1,1,1,0,1,0,1,0,1,1,Sing for Hope,Community-based organization,MANHATTAN,Health services;Social services;Advocacy and Justice;Education;Recreation and Leisure;Outreach and Advertising;Child services,1
468,1,1,1,0,1,1,1,0,1,1,Snap Brookville Neighborhood Senior Center,"Community-based organization, NON-PROFIT",QUEENS,Health services;Social services;Advocacy and Justice;Education;Environment and Climate change;Recreation and Leisure;Outreach and Advertising;Child services,1
469,0,0,0,0,1,1,1,0,1,0,Snug Harbor Cultural Center & Botanical Garden,Cultural Center & Botanical Garden,STATEN IS,Education;Environment and Climate change;Recreation and Leisure;Outreach and Advertising,0
470,1,1,1,1,0,0,0,0,0,1,"South Asian Councial for Social Services, Inc.",Community-based organization,QUEENS,Health services;Social services;Advocacy and Justice;Food and Agriculture;Child services,1
471,1,1,1,0,1,1,1,0,1,1,South Beach Civic Association,"Community-based organization, Volunteer-led group, Quality of life issues",STATEN IS,Health services;Social services;Advocacy and Justice;Education;Environment and Climate change;Recreation and Leisure;Outreach and Advertising;Child services,1
472,0,1,1,0,1,0,1,0,1,1,South Bronx Overall Economic Development Corporation,Community-based organization,BRONX,Social services;Advocacy and Justice;Education;Recreation and Leisure;Outreach and Advertising;Child services,1
473,0,0,1,0,1,0,0,0,1,1,South Bronx United,Community-based organization,BRONX,Advocacy and Justice;Education;Outreach and Advertising;Child services,1
474,1,1,1,0,1,1,1,0,1,0,Southside United Housing Development Fund Corporation,Community-based organization,BROOKLYN,Health services;Social services;Advocacy and Justice;Education;Environment and Climate change;Recreation and Leisure;Outreach and Advertising,2
475,1,1,0,0,0,0,0,0,0,0,Spanish Speaking Elderly Council-RAICES,Community-based organization,BROOKLYN,Health services;Social services,2
476,0,1,0,1,0,0,0,0,0,0,"St. John's Bread and Life Program, Inc.",Community-based organization,BROOKLYN,Social services;Food and Agriculture,1
477,1,0,0,0,0,0,0,0,1,1,St. Mary's Hospital for Children,Hospital,QUEENS,Health services;Outreach and Advertising;Child services,0
478,1,1,0,0,0,0,0,0,0,0,Stanley M. Isaacs Neighborhood Center,Community-based organization,MANHATTAN,Health services;Social services,2
479,0,0,0,0,1,0,1,0,1,1,Staten Island Children's Museum,Cultural Non-Profit,STATEN IS,Education;Recreation and Leisure;Outreach and Advertising;Child services,0
480,1,1,1,0,1,0,1,0,1,0,Stein Senior Center,Community-based organization,MANHATTAN,Health services;Social services;Advocacy and Justice;Education;Recreation and Leisure;Outreach and Advertising,2
481,0,0,1,0,1,0,1,0,1,1,Stonewall Community Foundation,"Community-based organization, Community/ public foundation",MANHATTAN,Advocacy and Justice;Education;Recreation and Leisure;Outreach and Advertising;Child services,1
482,0,1,0,0,0,0,0,0,1,0,StreetWise Partners,Community-based organization,MANHATTAN,Social services;Outreach and Advertising,1
483,0,0,0,0,1,0,0,0,1,1,Strong Place Day Care,Community-based organization,BROOKLYN,Education;Outreach and Advertising;Child services,2
484,0,1,1,0,1,0,0,0,1,0,Student Leadership Network,Educational nonprofit,MANHATTAN,Social services;Advocacy and Justice;Education;Outreach and Advertising,1
485,1,1,0,0,0,0,0,0,0,0,Stuyvesant Heights NSC,Senior Center,BROOKLYN,Health services;Social services,2
486,1,1,1,0,1,0,1,0,1,1,Sunnyside Community Services,Community-based organization,QUEENS,Health services;Social services;Advocacy and Justice;Education;Recreation and Leisure;Outreach and Advertising;Child services,1
487,1,1,1,0,1,0,0,0,1,1,Sunset Park Family Health Center,Community-based organization,BROOKLYN,Health services;Social services;Advocacy and Justice;Education;Outreach and Advertising;Child services,0
488,0,1,0,0,1,0,0,0,1,0,Support Center for Nonprofit Management,Community-based organization,MANHATTAN,Social services;Education;Outreach and Advertising,1
489,0,1,0,0,1,1,1,0,1,0,Sustainable United Neighborhoods,Community-based organization,BROOKLYN,Social services;Education;Environment and Climate change;Recreation and Leisure;Outreach and Advertising,1
490,1,1,1,0,1,0,1,0,1,1,Thai Community USA NYC,Community-based organization,,Health services;Social services;Advocacy and Justice;Education;Recreation and Leisure;Outreach and Advertising;Child services,1
491,0,1,0,0,1,1,0,0,1,1,The Battery Conservancy,Park Conservancy,MANHATTAN,Social services;Education;Environment and Climate change;Outreach and Advertising;Child services,1
492,0,1,1,0,0,0,0,0,1,1,The Bowery Mission,Faith-based institution,MANHATTAN,Social services;Advocacy and Justice;Outreach and Advertising;Child services,1
493,0,1,0,0,0,1,0,0,1,1,The Bronx is Blooming,Community-based organization,BRONX,Social services;Environment and Climate change;Outreach and Advertising;Child services,1
494,1,1,1,0,0,1,0,0,1,1,The Campaign Against Hunger,non profit,BROOKLYN,Health services;Social services;Advocacy and Justice;Environment and Climate change;Outreach and Advertising;Child services,1
495,1,1,1,0,0,0,1,0,0,0,"The Carter Burden Network, Inc.",Community-based organization,MANHATTAN,Health services;Social services;Advocacy and Justice;Recreation and Leisure,1
496,1,1,0,0,0,0,0,0,0,0,The Center @ Red Oak,Community-based organization,MANHATTAN,Health services;Social services,2
497,1,1,1,0,1,0,0,0,1,1,The Central Family Life Center,Community-based organization,STATEN IS,Health services;Social services;Advocacy and Justice;Education;Outreach and Advertising;Child services,1
498,0,1,1,0,1,0,1,0,1,1,The Department of Education's New York City Mentoring Program,City agency,BROOKLYN,Social services;Advocacy and Justice;Education;Recreation and Leisure;Outreach and Advertising;Child services,1
499,0,1,1,0,1,0,0,0,1,1,The English-Speaking Union of the United States,Community-based organization,MANHATTAN,Social services;Advocacy and Justice;Education;Outreach and Advertising;Child services,2
500,1,1,1,0,1,0,0,0,1,1,"The Family Center, Inc.",Community-based organization,BROOKLYN,Health services;Social services;Advocacy and Justice;Education;Outreach and Advertising;Child services,1
501,1,0,0,0,1,0,0,0,1,1,The Five Pearls Foundation,Volunteer-led group,MANHATTAN,Health services;Education;Outreach and Advertising;Child services,1
502,0,1,1,0,0,0,1,0,1,0,The Fortune Society,Non-for- Profit,QUEENS,Social services;Advocacy and Justice;Recreation and Leisure;Outreach and Advertising,1
503,0,0,0,0,1,0,1,0,1,0,The Frick Collection,Museum,MANHATTAN,Education;Recreation and Leisure;Outreach and Advertising,1
504,0,0,0,0,1,1,1,0,1,0,The Friends of Governors Island,Parks and public spaces,MANHATTAN,Education;Environment and Climate change;Recreation and Leisure;Outreach and Advertising,1
505,0,1,1,0,1,0,1,0,1,1,"The Greater Ridgewood Youth Council, Inc.",Community-based organization,QUEENS,Social services;Advocacy and Justice;Education;Recreation and Leisure;Outreach and Advertising;Child services,1
506,0,0,1,0,1,1,1,0,1,0,The Hart Island Project,Community-based organization,,Advocacy and Justice;Education;Environment and Climate change;Recreation and Leisure;Outreach and Advertising,1
507,0,1,0,0,0,0,0,0,1,0,The HOPE Program,Community-based organization,BROOKLYN,Social services;Outreach and Advertising,1
508,0,1,1,0,0,1,0,0,1,1,The Mission Continues,Volunteer-led group,MANHATTAN,Social services;Advocacy and Justice;Environment and Climate change;Outreach and Advertising;Child services,1
509,0,0,0,0,1,0,1,0,1,1,The Nest Music Conservatory,Community-based organization,BRONX,Education;Recreation and Leisure;Outreach and Advertising;Child services,0
510,1,1,0,0,1,0,0,0,1,1,The New York Foundling,Community-based organization,MANHATTAN,Health services;Social services;Education;Outreach and Advertising;Child services,1
511,1,0,0,0,0,0,0,0,0,0,The Noble Touch,Community-based organization,MANHATTAN,Health services,1
512,0,0,0,0,0,1,0,0,0,0,The NYC Compost Project Hosted by Big Reuse,Community-based organization,QUEENS,Environment and Climate change,1
513,1,1,1,0,0,0,1,0,1,1,The Osborne Association,Community-based organization,BRONX,Health services;Social services;Advocacy and Justice;Recreation and Leisure;Outreach and Advertising;Child services,1
514,1,1,1,0,1,0,0,0,1,1,The Salvation Army Greater New York Division,Faith-based institution,MANHATTAN,Health services;Social services;Advocacy and Justice;Education;Outreach and Advertising;Child services,1
515,0,0,0,0,1,0,0,0,1,0,"Top Honors, Inc",Community-based organization,,Education;Outreach and Advertising,1
516,0,0,0,0,1,1,1,0,1,1,Town Square,Community-based organization,BROOKLYN,Education;Environment and Climate change;Recreation and Leisure;Outreach and Advertising;Child services,0
517,0,0,0,0,0,1,0,0,0,0,Tree LC Team of Jackson Heights Beautificagtion Group (JHBG),"Community-based organization, Volunteer-led group, Not for Profit (501c3)",QUEENS,Environment and Climate change,0
518,0,1,0,0,0,1,0,0,1,0,Trees New York,Community-based organization,MANHATTAN,Social services;Environment and Climate change;Outreach and Advertising,1
519,0,1,1,0,1,0,1,0,1,1,Turkish Cultural Center,Community-based organization,MANHATTAN,Social services;Advocacy and Justice;Education;Recreation and Leisure;Outreach and Advertising;Child services,1
520,1,1,1,0,0,0,1,0,1,1,UJA Federation New York,Community-based organization,MANHATTAN,Health services;Social services;Advocacy and Justice;Recreation and Leisure;Outreach and Advertising;Child services,1
521,1,1,1,0,0,1,1,0,0,1,UJC Lillian Wald Senior Center,Community-based organization,MANHATTAN,Health services;Social services;Advocacy and Justice;Environment and Climate change;Recreation and Leisure;Child services,0
522,1,1,1,0,0,0,0,0,1,1,Union Grove Missionary Baptist Church,Faith-based institution,BRONX,Health services;Social services;Advocacy and Justice;Outreach and Advertising;Child services,1
523,1,1,1,0,1,1,1,0,1,1,Union Settlement - Senior Services,Community-based organization,MANHATTAN,Health services;Social services;Advocacy and Justice;Education;Environment and Climate change;Recreation and Leisure;Outreach and Advertising;Child services,1
524,1,1,1,0,0,0,0,0,0,0,Unique People Services,Community-based organization,BRONX,Health services;Social services;Advocacy and Justice,1
525,0,1,1,0,1,0,0,0,1,1,United Activities Unlimited,Community-based organization,STATEN IS,Social services;Advocacy and Justice;Education;Outreach and Advertising;Child services,1
526,1,1,0,0,0,0,0,0,0,0,"United Senior Citizen Center of Sunset Park, Inc.",Senior Center,BROOKLYN,Health services;Social services,2
527,0,1,1,0,1,0,1,0,1,1,United Way of New York City,NYC Branch of Worldwide Non-Profit Organization,MANHATTAN,Social services;Advocacy and Justice;Education;Recreation and Leisure;Outreach and Advertising;Child services,1
528,1,1,1,0,1,0,1,0,1,0,"United Yes We Can, Unidos Si Se Puede, Inc",Community-based organization,MANHATTAN,Health services;Social services;Advocacy and Justice;Education;Recreation and Leisure;Outreach and Advertising,1
529,1,1,0,0,0,0,0,0,1,1,Unspoken Smiles Foundation,"Community-based organization, Volunteer-led group",MANHATTAN,Health services;Social services;Outreach and Advertising;Child services,1
530,1,1,1,1,0,0,1,0,0,1,Urban Outreach Center,Community-based organization,MANHATTAN,Health services;Social services;Advocacy and Justice;Food and Agriculture;Recreation and Leisure;Child services,1
531,1,1,0,0,0,0,0,0,0,0,USO of Metropolitan New York,Community-based organization,MANHATTAN,Health services;Social services,1
532,0,0,0,0,1,0,0,0,1,1,V - ELMS,Volunteer-led group,BROOKLYN,Education;Outreach and Advertising;Child services,1
533,0,0,0,0,0,1,0,0,0,0,Van Cortlandt Park Alliance,Community-based organization,BRONX,Environment and Climate change,1
534,1,1,0,0,0,0,0,0,0,0,Venture House,Community-based organization,QUEENS,Health services;Social services,1
535,1,1,0,0,0,0,0,0,1,1,VISIONS Services For The Blind and Visually Impaired,Social Service Agency,MANHATTAN,Health services;Social services;Outreach and Advertising;Child services,1
536,1,1,0,0,0,0,0,0,0,0,"Visiting Neighbors, Inc.",Community-based organization,,Health services;Social services,1
537,1,0,0,0,0,0,0,0,0,0,Visiting Nurse Service of New York,Home Health & Hospice Care,MANHATTAN,Health services,1
538,1,0,1,0,1,0,0,0,1,1,Voces Latinas Corp.,Community-based organization,QUEENS,Health services;Advocacy and Justice;Education;Outreach and Advertising;Child services,1
539,0,0,1,0,1,1,1,0,1,0,"Volunteers for Springfield Park, Inc.","Community-based organization, Volunteer-led group",QUEENS,Advocacy and Justice;Education;Environment and Climate change;Recreation and Leisure;Outreach and Advertising,0
540,0,1,1,0,0,0,0,0,0,0,Volunteers of America - Greater New York,Community-based organization,MANHATTAN,Social services;Advocacy and Justice,1
541,0,0,1,0,0,0,0,0,0,0,Volunteers of Legal Service,Non Profit,MANHATTAN,Advocacy and Justice,1
542,0,1,0,0,0,1,1,0,1,1,Washington Square Park Conservancy,Community-based organization,,Social services;Environment and Climate change;Recreation and Leisure;Outreach and Advertising;Child services,1
543,0,0,0,0,1,0,1,0,1,0,Wave Hill,Cultural Institution,BRONX,Education;Recreation and Leisure;Outreach and Advertising,1
544,0,1,1,0,0,0,0,0,1,0,West Side Campaign Against Hunger,Community-based organization,MANHATTAN,Social services;Advocacy and Justice;Outreach and Advertising,1
545,1,1,1,0,0,0,1,0,0,0,Word - Tilden Neighborhood Senior Center,Community-based organization,BROOKLYN,Health services;Social services;Advocacy and Justice;Recreation and Leisure,2
546,1,1,1,0,1,0,1,0,1,1,"World Association For Community Empowerment, Inc.",Community-based organization,STATEN IS,Health services;Social services;Advocacy and Justice;Education;Recreation and Leisure;Outreach and Advertising;Child services,0
547,0,1,1,0,0,0,0,0,0,0,"Worldwide Veterans and Family Services, Inc.","Community-based organization, Foundation",BRONX,Social services;Advocacy and Justice,2
548,1,1,0,0,0,0,0,0,0,0,Wyckoff Gardens Neighborhood Senior Center,Community-based organization,BROOKLYN,Health services;Social services,2
549,0,1,0,0,0,0,0,0,1,0,Year Up New York - New Jersey,Community-based organization,MANHATTAN,Social services;Outreach and Advertising,1
550,1,0,1,0,0,0,0,0,1,1,YMCA of Greater New York,Community-based organization,MANHATTAN,Health services;Advocacy and Justice;Outreach and Advertising;Child services,1
551,1,1,0,0,0,0,0,0,0,0,Young Israel of Forest Hills Senior League,Community-based organization,QUEENS,Health services;Social services,2
552,1,1,0,0,0,0,0,0,0,0,Young Israel of Queens Valley Senior League,Community-based organization,QUEENS,Health services;Social services,2
553,1,1,0,0,0,0,0,0,0,0,Young Israel Senior Services of Midwood,Community-based organization,BROOKLYN,Health services;Social services,2
554,0,1,1,0,1,0,1,0,1,1,"Young Men Strong, LLC","Volunteer-led group, Does have for profit aspects to pay workers",,Social services;Advocacy and Justice;Education;Recreation and Leisure;Outreach and Advertising;Child services,1
555,0,1,0,0,1,0,0,0,1,0,Youth Action YouthBuild East Harlem,Community-based organization,,Social services;Education;Outreach and Advertising,1
556,0,0,0,0,0,0,0,0,1,1,"Youth, Inc.",Capacity-Building Nonprofit,MANHATTAN,Outreach and Advertising;Child services,1
557,1,1,1,0,1,0,0,0,1,1,YWCA of Queens,Community-based organization,QUEENS,Health services;Social services;Advocacy and Justice;Education;Outreach and Advertising;Child services,1
